时间,开盘,收盘,最高,最低,成交量,成交额,均价
2025-04-14 09:30:00,0.0,10.04,10.04,10.04,1195,1199780.0,10.04
2025-04-14 09:31:00,0.0,10.04,10.06,10.02,8196,8229884.0,10.042
2025-04-14 09:32:00,0.0,10.07,10.07,10.03,3170,3185051.0,10.043
2025-04-14 09:33:00,0.0,10.02,10.06,10.01,6903,6932713.0,10.043
2025-04-14 09:34:00,0.0,10.03,10.04,10.02,3618,3629842.0,10.041
2025-04-14 09:35:00,0.0,10.02,10.04,10.02,1887,1892599.0,10.04
2025-04-14 09:36:00,0.0,10.03,10.03,10.0,6691,6699243.0,10.035
2025-04-14 09:37:00,0.0,10.04,10.05,10.02,2901,2910672.0,10.034
2025-04-14 09:38:00,0.0,10.05,10.05,10.04,2862,2873430.0,10.035
2025-04-14 09:39:00,0.0,10.04,10.06,10.04,1427,1433966.0,10.035
2025-04-14 09:40:00,0.0,10.05,10.06,10.04,1686,1693718.0,10.036
2025-04-14 09:41:00,0.0,10.06,10.06,10.05,1789,1799478.0,10.037
2025-04-14 09:42:00,0.0,10.06,10.06,10.05,1402,1409825.0,10.037
2025-04-14 09:43:00,0.0,10.06,10.07,10.06,3100,3119100.0,10.039
2025-04-14 09:44:00,0.0,10.07,10.07,10.05,3714,3735015.0,10.04
2025-04-14 09:45:00,0.0,10.06,10.07,10.06,1035,1041993.0,10.041
2025-04-14 09:46:00,0.0,10.1,10.1,10.07,6835,6893909.0,10.046
2025-04-14 09:47:00,0.0,10.08,10.1,10.07,3375,3404095.0,10.048
2025-04-14 09:48:00,0.0,10.1,10.1,10.08,1778,1794302.0,10.05
2025-04-14 09:49:00,0.0,10.1,10.1,10.08,4821,4865623.0,10.053
2025-04-14 09:50:00,0.0,10.08,10.1,10.07,3102,3127102.0,10.054
2025-04-14 09:51:00,0.0,10.07,10.08,10.06,2423,2439958.0,10.054
2025-04-14 09:52:00,0.0,10.06,10.07,10.06,1186,1193684.0,10.054
2025-04-14 09:53:00,0.0,10.05,10.07,10.05,2723,2739321.0,10.055
2025-04-14 09:54:00,0.0,10.06,10.07,10.05,2000,2012324.0,10.055
2025-04-14 09:55:00,0.0,10.09,10.09,10.07,2314,2332013.0,10.055
2025-04-14 09:56:00,0.0,10.09,10.09,10.07,2148,2166427.0,10.056
2025-04-14 09:57:00,0.0,10.08,10.09,10.08,1345,1356429.0,10.057
2025-04-14 09:58:00,0.0,10.08,10.09,10.07,1076,1084698.0,10.057
2025-04-14 09:59:00,0.0,10.06,10.08,10.06,1468,1477731.0,10.057
2025-04-14 10:00:00,0.0,10.07,10.07,10.06,3174,3194287.0,10.057
2025-04-14 10:01:00,0.0,10.09,10.09,10.07,3625,3655279.0,10.058
2025-04-14 10:02:00,0.0,10.09,10.09,10.08,1801,1816191.0,10.059
2025-04-14 10:03:00,0.0,10.12,10.13,10.08,22781,23010128.0,10.067
2025-04-14 10:04:00,0.0,10.12,10.13,10.12,3334,3374624.0,10.068
2025-04-14 10:05:00,0.0,10.12,10.13,10.11,1801,1823241.0,10.069
2025-04-14 10:06:00,0.0,10.12,10.12,10.11,635,642234.0,10.069
2025-04-14 10:07:00,0.0,10.13,10.14,10.11,7151,7236580.0,10.072
2025-04-14 10:08:00,0.0,10.11,10.13,10.11,1467,1484989.0,10.073
2025-04-14 10:09:00,0.0,10.12,10.12,10.11,2031,2054512.0,10.073
2025-04-14 10:10:00,0.0,10.11,10.12,10.11,908,918414.0,10.074
2025-04-14 10:11:00,0.0,10.11,10.11,10.1,2607,2633577.0,10.074
2025-04-14 10:12:00,0.0,10.11,10.11,10.1,1006,1016611.0,10.074
2025-04-14 10:13:00,0.0,10.09,10.11,10.09,3055,3084655.0,10.075
2025-04-14 10:14:00,0.0,10.1,10.1,10.08,853,860565.0,10.075
2025-04-14 10:15:00,0.0,10.09,10.1,10.09,811,818732.0,10.075
2025-04-14 10:16:00,0.0,10.11,10.12,10.09,13292,13428382.0,10.077
2025-04-14 10:17:00,0.0,10.1,10.11,10.09,738,745446.0,10.077
2025-04-14 10:18:00,0.0,10.09,10.1,10.08,1013,1021819.0,10.078
2025-04-14 10:19:00,0.0,10.09,10.09,10.08,2468,2488968.0,10.078
2025-04-14 10:20:00,0.0,10.08,10.09,10.08,2535,2555851.0,10.078
2025-04-14 10:21:00,0.0,10.08,10.09,10.08,2171,2188830.0,10.078
2025-04-14 10:22:00,0.0,10.09,10.09,10.09,971,979656.0,10.078
2025-04-14 10:23:00,0.0,10.09,10.09,10.07,2219,2237358.0,10.078
2025-04-14 10:24:00,0.0,10.08,10.09,10.07,3047,3070901.0,10.078
2025-04-14 10:25:00,0.0,10.08,10.08,10.07,1232,1241685.0,10.078
2025-04-14 10:26:00,0.0,10.09,10.09,10.07,2989,3012782.0,10.078
2025-04-14 10:27:00,0.0,10.08,10.09,10.07,1490,1501923.0,10.078
2025-04-14 10:28:00,0.0,10.08,10.09,10.07,2925,2948636.0,10.078
2025-04-14 10:29:00,0.0,10.09,10.09,10.07,2716,2737979.0,10.078
2025-04-14 10:30:00,0.0,10.08,10.09,10.07,1237,1246803.0,10.078
2025-04-14 10:31:00,0.0,10.08,10.08,10.07,1594,1605487.0,10.078
2025-04-14 10:32:00,0.0,10.07,10.08,10.07,832,838015.0,10.078
2025-04-14 10:33:00,0.0,10.06,10.07,10.05,3620,3641451.0,10.078
2025-04-14 10:34:00,0.0,10.05,10.06,10.05,598,601343.0,10.078
2025-04-14 10:35:00,0.0,10.05,10.06,10.05,421,423414.0,10.078
2025-04-14 10:36:00,0.0,10.06,10.06,10.06,1183,1189804.0,10.077
2025-04-14 10:37:00,0.0,10.06,10.06,10.05,1526,1535004.0,10.077
2025-04-14 10:38:00,0.0,10.07,10.07,10.05,1380,1388815.0,10.077
2025-04-14 10:39:00,0.0,10.07,10.07,10.07,674,678690.0,10.077
2025-04-14 10:40:00,0.0,10.07,10.07,10.06,453,455921.0,10.077
2025-04-14 10:41:00,0.0,10.07,10.07,10.06,408,410802.0,10.077
2025-04-14 10:42:00,0.0,10.07,10.07,10.06,1705,1715607.0,10.077
2025-04-14 10:43:00,0.0,10.07,10.07,10.06,387,389616.0,10.077
2025-04-14 10:44:00,0.0,10.06,10.07,10.05,2885,2902653.0,10.077
2025-04-14 10:45:00,0.0,10.06,10.07,10.05,1921,1932585.0,10.077
2025-04-14 10:46:00,0.0,10.07,10.07,10.06,1004,1010480.0,10.077
2025-04-14 10:47:00,0.0,10.07,10.07,10.06,705,709811.0,10.076
2025-04-14 10:48:00,0.0,10.06,10.07,10.06,1281,1288854.0,10.076
2025-04-14 10:49:00,0.0,10.07,10.07,10.06,1623,1633189.0,10.076
2025-04-14 10:50:00,0.0,10.06,10.07,10.06,308,310014.0,10.076
2025-04-14 10:51:00,0.0,10.07,10.07,10.06,488,491202.0,10.076
2025-04-14 10:52:00,0.0,10.07,10.07,10.06,1051,1057621.0,10.076
2025-04-14 10:53:00,0.0,10.07,10.07,10.07,1378,1387116.0,10.076
2025-04-14 10:54:00,0.0,10.07,10.07,10.06,401,403672.0,10.076
2025-04-14 10:55:00,0.0,10.07,10.07,10.06,245,246659.0,10.076
2025-04-14 10:56:00,0.0,10.07,10.07,10.06,346,348267.0,10.076
2025-04-14 10:57:00,0.0,10.07,10.07,10.06,563,566714.0,10.076
2025-04-14 10:58:00,0.0,10.07,10.07,10.06,288,289929.0,10.076
2025-04-14 10:59:00,0.0,10.06,10.07,10.05,2984,3001740.0,10.076
2025-04-14 11:00:00,0.0,10.06,10.06,10.05,3465,3485497.0,10.076
2025-04-14 11:01:00,0.0,10.06,10.06,10.05,2301,2314771.0,10.075
2025-04-14 11:02:00,0.0,10.06,10.06,10.06,369,371063.0,10.075
2025-04-14 11:03:00,0.0,10.05,10.06,10.05,4308,4329106.0,10.075
2025-04-14 11:04:00,0.0,10.05,10.05,10.04,1655,1662541.0,10.075
2025-04-14 11:05:00,0.0,10.05,10.05,10.04,1466,1472791.0,10.074
2025-04-14 11:06:00,0.0,10.06,10.06,10.04,924,928582.0,10.074
2025-04-14 11:07:00,0.0,10.05,10.05,10.04,1710,1717635.0,10.074
2025-04-14 11:08:00,0.0,10.05,10.05,10.04,1481,1487223.0,10.074
2025-04-14 11:09:00,0.0,10.05,10.05,10.04,1074,1078705.0,10.074
2025-04-14 11:10:00,0.0,10.04,10.05,10.04,2395,2405202.0,10.074
2025-04-14 11:11:00,0.0,10.05,10.05,10.04,496,498428.0,10.073
2025-04-14 11:12:00,0.0,10.05,10.05,10.04,435,436850.0,10.073
2025-04-14 11:13:00,0.0,10.05,10.05,10.04,383,384575.0,10.073
2025-04-14 11:14:00,0.0,10.05,10.05,10.04,1543,1549932.0,10.073
2025-04-14 11:15:00,0.0,10.05,10.05,10.04,464,466170.0,10.073
2025-04-14 11:16:00,0.0,10.05,10.06,10.05,733,736623.0,10.073
2025-04-14 11:17:00,0.0,10.05,10.06,10.04,1390,1396639.0,10.073
2025-04-14 11:18:00,0.0,10.04,10.06,10.04,170,170873.0,10.073
2025-04-14 11:19:00,0.0,10.05,10.06,10.04,593,595971.0,10.073
2025-04-14 11:20:00,0.0,10.05,10.06,10.05,867,871548.0,10.073
2025-04-14 11:21:00,0.0,10.04,10.06,10.04,1491,1498513.0,10.073
2025-04-14 11:22:00,0.0,10.05,10.06,10.05,486,488418.0,10.073
2025-04-14 11:23:00,0.0,10.05,10.05,10.05,221,222093.0,10.073
2025-04-14 11:24:00,0.0,10.06,10.06,10.05,674,677543.0,10.073
2025-04-14 11:25:00,0.0,10.06,10.06,10.06,189,190118.0,10.072
2025-04-14 11:26:00,0.0,10.06,10.06,10.05,184,185027.0,10.072
2025-04-14 11:27:00,0.0,10.07,10.07,10.05,1207,1213989.0,10.072
2025-04-14 11:28:00,0.0,10.07,10.07,10.06,786,791314.0,10.072
2025-04-14 11:29:00,0.0,10.08,10.08,10.07,920,927169.0,10.072
2025-04-14 11:30:00,0.0,10.06,10.08,10.06,738,742885.0,10.072
2025-04-14 13:01:00,0.0,10.08,10.08,10.06,3096,3116671.0,10.072
2025-04-14 13:02:00,0.0,10.1,10.1,10.08,9562,9653179.0,10.073
2025-04-14 13:03:00,0.0,10.12,10.12,10.09,7232,7307617.0,10.074
2025-04-14 13:04:00,0.0,10.12,10.13,10.12,6246,6322813.0,10.075
2025-04-14 13:05:00,0.0,10.12,10.13,10.11,1315,1330815.0,10.075
2025-04-14 13:06:00,0.0,10.11,10.12,10.1,1610,1627549.0,10.075
2025-04-14 13:07:00,0.0,10.13,10.13,10.1,2645,2675390.0,10.076
2025-04-14 13:08:00,0.0,10.16,10.16,10.12,11210,11371956.0,10.078
2025-04-14 13:09:00,0.0,10.16,10.17,10.15,2388,2426144.0,10.079
2025-04-14 13:10:00,0.0,10.15,10.16,10.15,2475,2512877.0,10.08
2025-04-14 13:11:00,0.0,10.15,10.16,10.15,16868,17124305.0,10.084
2025-04-14 13:12:00,0.0,10.14,10.15,10.14,4091,4148401.0,10.084
2025-04-14 13:13:00,0.0,10.14,10.15,10.13,1381,1400291.0,10.084
2025-04-14 13:14:00,0.0,10.15,10.15,10.14,2286,2318535.0,10.085
2025-04-14 13:15:00,0.0,10.14,10.16,10.14,9492,9634414.0,10.087
2025-04-14 13:16:00,0.0,10.15,10.15,10.14,3101,3146444.0,10.087
2025-04-14 13:17:00,0.0,10.15,10.15,10.14,1165,1181831.0,10.087
2025-04-14 13:18:00,0.0,10.16,10.16,10.14,7154,7261834.0,10.089
2025-04-14 13:19:00,0.0,10.16,10.16,10.15,2743,2786666.0,10.089
2025-04-14 13:20:00,0.0,10.15,10.16,10.15,3961,4020732.0,10.09
2025-04-14 13:21:00,0.0,10.18,10.18,10.15,13106,13322640.0,10.093
2025-04-14 13:22:00,0.0,10.18,10.18,10.17,1522,1548815.0,10.093
2025-04-14 13:23:00,0.0,10.17,10.18,10.17,319,324550.0,10.093
2025-04-14 13:24:00,0.0,10.17,10.18,10.16,5217,5304181.0,10.094
2025-04-14 13:25:00,0.0,10.15,10.17,10.15,2344,2381496.0,10.095
2025-04-14 13:26:00,0.0,10.16,10.17,10.15,4059,4123657.0,10.095
2025-04-14 13:27:00,0.0,10.16,10.16,10.15,477,484522.0,10.095
2025-04-14 13:28:00,0.0,10.16,10.16,10.15,2580,2621226.0,10.096
2025-04-14 13:29:00,0.0,10.15,10.16,10.15,2149,2182602.0,10.096
2025-04-14 13:30:00,0.0,10.17,10.17,10.16,11829,12019687.0,10.098
2025-04-14 13:31:00,0.0,10.17,10.17,10.16,4274,4342957.0,10.099
2025-04-14 13:32:00,0.0,10.18,10.18,10.17,21720,22089577.0,10.102
2025-04-14 13:33:00,0.0,10.17,10.18,10.17,4677,4756261.0,10.103
2025-04-14 13:34:00,0.0,10.17,10.17,10.16,187,190157.0,10.103
2025-04-14 13:35:00,0.0,10.17,10.17,10.16,371,377250.0,10.103
2025-04-14 13:36:00,0.0,10.16,10.17,10.16,4972,5052122.0,10.104
2025-04-14 13:37:00,0.0,10.17,10.17,10.16,7191,7307095.0,10.105
2025-04-14 13:38:00,0.0,10.17,10.17,10.16,2141,2176106.0,10.105
2025-04-14 13:39:00,0.0,10.17,10.17,10.16,605,615153.0,10.105
2025-04-14 13:40:00,0.0,10.17,10.17,10.16,566,575512.0,10.105
2025-04-14 13:41:00,0.0,10.17,10.17,10.16,997,1013772.0,10.105
2025-04-14 13:42:00,0.0,10.17,10.17,10.16,1543,1568973.0,10.106
2025-04-14 13:43:00,0.0,10.17,10.17,10.16,1261,1281874.0,10.106
2025-04-14 13:44:00,0.0,10.18,10.18,10.17,3424,3483038.0,10.106
2025-04-14 13:45:00,0.0,10.18,10.18,10.17,1233,1255095.0,10.107
2025-04-14 13:46:00,0.0,10.18,10.18,10.17,10720,10912673.0,10.108
2025-04-14 13:47:00,0.0,10.18,10.18,10.18,424,431533.0,10.108
2025-04-14 13:48:00,0.0,10.18,10.18,10.17,545,554674.0,10.108
2025-04-14 13:49:00,0.0,10.18,10.18,10.17,2470,2512405.0,10.109
2025-04-14 13:50:00,0.0,10.17,10.18,10.17,2190,2227661.0,10.109
2025-04-14 13:51:00,0.0,10.18,10.18,10.18,2516,2560648.0,10.109
2025-04-14 13:52:00,0.0,10.18,10.18,10.18,557,566910.0,10.109
2025-04-14 13:53:00,0.0,10.19,10.19,10.17,2518,2563224.0,10.11
2025-04-14 13:54:00,0.0,10.19,10.19,10.19,801,815978.0,10.11
2025-04-14 13:55:00,0.0,10.18,10.19,10.18,2393,2436119.0,10.11
2025-04-14 13:56:00,0.0,10.17,10.18,10.17,572,581882.0,10.11
2025-04-14 13:57:00,0.0,10.16,10.17,10.16,3126,3178449.0,10.111
2025-04-14 13:58:00,0.0,10.17,10.18,10.17,1304,1326236.0,10.111
2025-04-14 13:59:00,0.0,10.17,10.17,10.16,242,246054.0,10.111
2025-04-14 14:00:00,0.0,10.17,10.17,10.16,348,353726.0,10.111
2025-04-14 14:01:00,0.0,10.17,10.17,10.16,501,509427.0,10.111
2025-04-14 14:02:00,0.0,10.17,10.17,10.16,2035,2069127.0,10.111
2025-04-14 14:03:00,0.0,10.17,10.17,10.17,399,405682.0,10.111
2025-04-14 14:04:00,0.0,10.17,10.17,10.17,1308,1330263.0,10.111
2025-04-14 14:05:00,0.0,10.17,10.17,10.16,723,735132.0,10.112
2025-04-14 14:06:00,0.0,10.18,10.18,10.17,2135,2171451.0,10.112
2025-04-14 14:07:00,0.0,10.18,10.18,10.17,495,503625.0,10.112
2025-04-14 14:08:00,0.0,10.18,10.18,10.17,1126,1146196.0,10.112
2025-04-14 14:09:00,0.0,10.18,10.18,10.16,2511,2554645.0,10.112
2025-04-14 14:10:00,0.0,10.18,10.18,10.16,1944,1977461.0,10.113
2025-04-14 14:11:00,0.0,10.18,10.18,10.17,357,363357.0,10.113
2025-04-14 14:12:00,0.0,10.18,10.18,10.17,1260,1282473.0,10.113
2025-04-14 14:13:00,0.0,10.18,10.18,10.17,937,953178.0,10.113
2025-04-14 14:14:00,0.0,10.18,10.18,10.17,741,754257.0,10.113
2025-04-14 14:15:00,0.0,10.18,10.18,10.17,953,969559.0,10.113
2025-04-14 14:16:00,0.0,10.19,10.19,10.17,3097,3153051.0,10.114
2025-04-14 14:17:00,0.0,10.19,10.19,10.18,371,378032.0,10.114
2025-04-14 14:18:00,0.0,10.19,10.19,10.18,454,462560.0,10.114
2025-04-14 14:19:00,0.0,10.19,10.19,10.18,3393,3456458.0,10.114
2025-04-14 14:20:00,0.0,10.18,10.19,10.18,1970,2006685.0,10.114
2025-04-14 14:21:00,0.0,10.18,10.19,10.18,3555,3619308.0,10.115
2025-04-14 14:22:00,0.0,10.19,10.19,10.18,694,706724.0,10.115
2025-04-14 14:23:00,0.0,10.19,10.19,10.18,1047,1066818.0,10.115
2025-04-14 14:24:00,0.0,10.19,10.19,10.19,2933,2988047.0,10.116
2025-04-14 14:25:00,0.0,10.19,10.2,10.19,2672,2722790.0,10.116
2025-04-14 14:26:00,0.0,10.19,10.2,10.19,1583,1613619.0,10.116
2025-04-14 14:27:00,0.0,10.19,10.2,10.19,535,545301.0,10.116
2025-04-14 14:28:00,0.0,10.2,10.2,10.19,352,358892.0,10.116
2025-04-14 14:29:00,0.0,10.19,10.2,10.18,4003,4079221.0,10.117
2025-04-14 14:30:00,0.0,10.18,10.2,10.18,2572,2621059.0,10.117
2025-04-14 14:31:00,0.0,10.2,10.2,10.19,2110,2150306.0,10.117
2025-04-14 14:32:00,0.0,10.2,10.2,10.19,1444,1471900.0,10.118
2025-04-14 14:33:00,0.0,10.19,10.2,10.19,6670,6794769.0,10.119
2025-04-14 14:34:00,0.0,10.2,10.2,10.19,2076,2115670.0,10.119
2025-04-14 14:35:00,0.0,10.2,10.2,10.19,1015,1035024.0,10.119
2025-04-14 14:36:00,0.0,10.2,10.2,10.19,1127,1149370.0,10.119
2025-04-14 14:37:00,0.0,10.2,10.2,10.19,1409,1436656.0,10.119
2025-04-14 14:38:00,0.0,10.2,10.2,10.18,6256,6375274.0,10.12
2025-04-14 14:39:00,0.0,10.2,10.2,10.19,1448,1476362.0,10.12
2025-04-14 14:40:00,0.0,10.2,10.2,10.19,1944,1982418.0,10.121
2025-04-14 14:41:00,0.0,10.2,10.2,10.19,1922,1959784.0,10.121
2025-04-14 14:42:00,0.0,10.2,10.2,10.19,2646,2696808.0,10.121
2025-04-14 14:43:00,0.0,10.19,10.2,10.19,1291,1316358.0,10.121
2025-04-14 14:44:00,0.0,10.2,10.2,10.19,3651,3722125.0,10.122
2025-04-14 14:45:00,0.0,10.2,10.21,10.2,2586,2638287.0,10.122
2025-04-14 14:46:00,0.0,10.21,10.21,10.2,2434,2483231.0,10.123
2025-04-14 14:47:00,0.0,10.2,10.21,10.2,1054,1075541.0,10.123
2025-04-14 14:48:00,0.0,10.21,10.21,10.2,1788,1824251.0,10.123
2025-04-14 14:49:00,0.0,10.21,10.21,10.2,1822,1859701.0,10.123
2025-04-14 14:50:00,0.0,10.22,10.22,10.2,4541,4636673.0,10.124
2025-04-14 14:51:00,0.0,10.21,10.21,10.2,5021,5125863.0,10.125
2025-04-14 14:52:00,0.0,10.22,10.22,10.21,4387,4480736.0,10.125
2025-04-14 14:53:00,0.0,10.21,10.22,10.21,4979,5085062.0,10.126
2025-04-14 14:54:00,0.0,10.21,10.22,10.21,3960,4044208.0,10.127
2025-04-14 14:55:00,0.0,10.2,10.21,10.2,5264,5370798.0,10.127
2025-04-14 14:56:00,0.0,10.19,10.21,10.18,6867,6999586.0,10.128
2025-04-14 14:57:00,0.0,10.19,10.2,10.18,2174,2215636.0,10.128
2025-04-14 14:58:00,0.0,10.19,10.19,10.19,20,20380.0,10.128
2025-04-14 14:59:00,0.0,10.19,10.19,10.19,0,0.0,10.128
2025-04-14 15:00:00,0.0,10.18,10.18,10.18,9845,10022587.0,10.129
2025-04-15 09:30:00,0.0,10.18,10.18,10.18,1288,1311184.0,10.18
2025-04-15 09:31:00,0.0,10.22,10.25,10.17,14681,14988185.0,10.207
2025-04-15 09:32:00,0.0,10.26,10.27,10.21,7984,8178791.0,10.219
2025-04-15 09:33:00,0.0,10.26,10.28,10.26,6161,6327784.0,10.23
2025-04-15 09:34:00,0.0,10.22,10.26,10.22,5230,5354828.0,10.231
2025-04-15 09:35:00,0.0,10.22,10.23,10.22,2004,2049279.0,10.231
2025-04-15 09:36:00,0.0,10.24,10.24,10.22,4531,4635658.0,10.231
2025-04-15 09:37:00,0.0,10.25,10.26,10.24,7201,7384158.0,10.234
2025-04-15 09:38:00,0.0,10.26,10.27,10.25,4028,4134273.0,10.237
2025-04-15 09:39:00,0.0,10.29,10.29,10.26,5890,6052116.0,10.24
2025-04-15 09:40:00,0.0,10.29,10.3,10.28,10017,10309646.0,10.248
2025-04-15 09:41:00,0.0,10.3,10.31,10.29,7280,7497207.0,10.253
2025-04-15 09:42:00,0.0,10.32,10.33,10.3,5862,6045837.0,10.257
2025-04-15 09:43:00,0.0,10.35,10.35,10.32,8015,8287328.0,10.264
2025-04-15 09:44:00,0.0,10.36,10.37,10.34,6510,6739410.0,10.27
2025-04-15 09:45:00,0.0,10.38,10.38,10.36,8603,8921805.0,10.279
2025-04-15 09:46:00,0.0,10.37,10.39,10.36,11709,12145628.0,10.288
2025-04-15 09:47:00,0.0,10.38,10.38,10.36,6897,7156857.0,10.293
2025-04-15 09:48:00,0.0,10.4,10.4,10.37,8696,9033629.0,10.299
2025-04-15 09:49:00,0.0,10.38,10.4,10.37,9798,10177406.0,10.305
2025-04-15 09:50:00,0.0,10.36,10.38,10.36,3366,3489353.0,10.307
2025-04-15 09:51:00,0.0,10.37,10.37,10.36,3247,3365817.0,10.308
2025-04-15 09:52:00,0.0,10.36,10.38,10.36,2552,2645659.0,10.309
2025-04-15 09:53:00,0.0,10.36,10.37,10.35,4685,4851725.0,10.31
2025-04-15 09:54:00,0.0,10.37,10.37,10.36,1885,1953598.0,10.311
2025-04-15 09:55:00,0.0,10.36,10.37,10.36,1596,1653591.0,10.312
2025-04-15 09:56:00,0.0,10.36,10.36,10.35,5139,5322494.0,10.313
2025-04-15 09:57:00,0.0,10.35,10.36,10.35,1783,1845929.0,10.313
2025-04-15 09:58:00,0.0,10.34,10.35,10.33,2914,3014576.0,10.314
2025-04-15 09:59:00,0.0,10.35,10.35,10.32,5690,5880565.0,10.315
2025-04-15 10:00:00,0.0,10.35,10.36,10.34,1633,1690136.0,10.315
2025-04-15 10:01:00,0.0,10.37,10.37,10.34,5363,5552698.0,10.316
2025-04-15 10:02:00,0.0,10.4,10.4,10.36,14013,14555058.0,10.321
2025-04-15 10:03:00,0.0,10.41,10.43,10.4,16006,16669685.0,10.328
2025-04-15 10:04:00,0.0,10.43,10.44,10.4,6498,6774138.0,10.331
2025-04-15 10:05:00,0.0,10.44,10.44,10.43,8819,9204496.0,10.335
2025-04-15 10:06:00,0.0,10.43,10.45,10.42,9208,9607548.0,10.339
2025-04-15 10:07:00,0.0,10.43,10.45,10.43,7823,8165995.0,10.342
2025-04-15 10:08:00,0.0,10.43,10.43,10.42,10058,10488989.0,10.346
2025-04-15 10:09:00,0.0,10.44,10.45,10.43,7190,7504067.0,10.348
2025-04-15 10:10:00,0.0,10.43,10.44,10.43,7785,8123898.0,10.351
2025-04-15 10:11:00,0.0,10.44,10.44,10.43,4619,4820768.0,10.352
2025-04-15 10:12:00,0.0,10.45,10.45,10.44,7688,8029252.0,10.355
2025-04-15 10:13:00,0.0,10.48,10.48,10.44,18598,19457920.0,10.361
2025-04-15 10:14:00,0.0,10.47,10.47,10.46,6380,6678739.0,10.363
2025-04-15 10:15:00,0.0,10.45,10.47,10.45,7216,7547024.0,10.366
2025-04-15 10:16:00,0.0,10.43,10.45,10.43,5619,5868182.0,10.367
2025-04-15 10:17:00,0.0,10.44,10.46,10.44,8164,8532135.0,10.369
2025-04-15 10:18:00,0.0,10.43,10.46,10.43,5176,5404500.0,10.37
2025-04-15 10:19:00,0.0,10.41,10.44,10.41,3614,3766712.0,10.371
2025-04-15 10:20:00,0.0,10.43,10.43,10.42,2220,2314433.0,10.371
2025-04-15 10:21:00,0.0,10.43,10.43,10.42,3887,4053839.0,10.372
2025-04-15 10:22:00,0.0,10.43,10.44,10.42,1875,1955946.0,10.372
2025-04-15 10:23:00,0.0,10.43,10.43,10.42,2245,2339552.0,10.372
2025-04-15 10:24:00,0.0,10.39,10.42,10.39,2354,2449270.0,10.373
2025-04-15 10:25:00,0.0,10.4,10.4,10.38,1297,1347659.0,10.373
2025-04-15 10:26:00,0.0,10.41,10.41,10.39,1273,1323973.0,10.373
2025-04-15 10:27:00,0.0,10.41,10.42,10.41,1886,1963905.0,10.373
2025-04-15 10:28:00,0.0,10.42,10.42,10.4,1021,1062983.0,10.373
2025-04-15 10:29:00,0.0,10.4,10.42,10.4,1392,1450006.0,10.373
2025-04-15 10:30:00,0.0,10.42,10.42,10.4,1548,1612354.0,10.374
2025-04-15 10:31:00,0.0,10.41,10.42,10.41,960,999802.0,10.374
2025-04-15 10:32:00,0.0,10.4,10.43,10.39,2589,2696661.0,10.374
2025-04-15 10:33:00,0.0,10.39,10.4,10.38,1061,1102387.0,10.374
2025-04-15 10:34:00,0.0,10.39,10.4,10.39,1758,1827420.0,10.374
2025-04-15 10:35:00,0.0,10.4,10.41,10.39,2905,3019702.0,10.374
2025-04-15 10:36:00,0.0,10.4,10.4,10.4,786,817440.0,10.374
2025-04-15 10:37:00,0.0,10.42,10.43,10.4,2352,2449521.0,10.375
2025-04-15 10:38:00,0.0,10.41,10.42,10.4,1179,1227467.0,10.375
2025-04-15 10:39:00,0.0,10.41,10.41,10.4,1485,1544680.0,10.375
2025-04-15 10:40:00,0.0,10.4,10.41,10.4,413,429560.0,10.375
2025-04-15 10:41:00,0.0,10.42,10.42,10.4,1782,1856614.0,10.375
2025-04-15 10:42:00,0.0,10.41,10.41,10.4,1532,1595297.0,10.375
2025-04-15 10:43:00,0.0,10.42,10.44,10.41,1484,1546945.0,10.375
2025-04-15 10:44:00,0.0,10.41,10.42,10.41,1178,1227118.0,10.376
2025-04-15 10:45:00,0.0,10.42,10.42,10.41,1215,1265742.0,10.376
2025-04-15 10:46:00,0.0,10.41,10.42,10.41,455,473789.0,10.376
2025-04-15 10:47:00,0.0,10.42,10.42,10.41,2553,2660088.0,10.376
2025-04-15 10:48:00,0.0,10.42,10.42,10.41,1961,2042678.0,10.376
2025-04-15 10:49:00,0.0,10.43,10.43,10.42,1354,1411495.0,10.376
2025-04-15 10:50:00,0.0,10.43,10.43,10.42,1093,1139368.0,10.376
2025-04-15 10:51:00,0.0,10.42,10.44,10.42,3261,3400230.0,10.377
2025-04-15 10:52:00,0.0,10.43,10.43,10.41,628,654428.0,10.377
2025-04-15 10:53:00,0.0,10.41,10.43,10.41,1015,1057627.0,10.377
2025-04-15 10:54:00,0.0,10.4,10.41,10.39,2334,2428575.0,10.377
2025-04-15 10:55:00,0.0,10.4,10.4,10.39,1334,1387401.0,10.377
2025-04-15 10:56:00,0.0,10.41,10.42,10.4,934,972432.0,10.377
2025-04-15 10:57:00,0.0,10.41,10.42,10.41,342,356116.0,10.377
2025-04-15 10:58:00,0.0,10.41,10.42,10.41,1788,1863112.0,10.378
2025-04-15 10:59:00,0.0,10.41,10.42,10.41,864,900145.0,10.378
2025-04-15 11:00:00,0.0,10.41,10.42,10.41,654,681381.0,10.378
2025-04-15 11:01:00,0.0,10.42,10.42,10.41,352,366669.0,10.378
2025-04-15 11:02:00,0.0,10.43,10.43,10.41,1760,1834090.0,10.378
2025-04-15 11:03:00,0.0,10.42,10.43,10.41,3477,3623183.0,10.378
2025-04-15 11:04:00,0.0,10.42,10.43,10.41,1387,1445321.0,10.379
2025-04-15 11:05:00,0.0,10.41,10.43,10.41,1292,1346537.0,10.379
2025-04-15 11:06:00,0.0,10.42,10.42,10.41,595,619494.0,10.379
2025-04-15 11:07:00,0.0,10.42,10.42,10.41,763,794640.0,10.379
2025-04-15 11:08:00,0.0,10.43,10.43,10.41,2220,2312733.0,10.379
2025-04-15 11:09:00,0.0,10.41,10.43,10.41,1234,1285394.0,10.379
2025-04-15 11:10:00,0.0,10.41,10.42,10.4,236,245735.0,10.379
2025-04-15 11:11:00,0.0,10.41,10.42,10.41,1149,1196235.0,10.379
2025-04-15 11:12:00,0.0,10.42,10.42,10.41,579,602671.0,10.379
2025-04-15 11:13:00,0.0,10.42,10.42,10.41,742,772507.0,10.379
2025-04-15 11:14:00,0.0,10.4,10.42,10.4,3504,3647724.0,10.38
2025-04-15 11:15:00,0.0,10.41,10.41,10.4,232,241346.0,10.38
2025-04-15 11:16:00,0.0,10.41,10.41,10.4,485,504731.0,10.38
2025-04-15 11:17:00,0.0,10.4,10.41,10.4,1487,1547181.0,10.38
2025-04-15 11:18:00,0.0,10.4,10.42,10.4,562,584903.0,10.38
2025-04-15 11:19:00,0.0,10.41,10.42,10.41,701,729843.0,10.38
2025-04-15 11:20:00,0.0,10.41,10.42,10.4,920,957471.0,10.38
2025-04-15 11:21:00,0.0,10.43,10.43,10.41,2462,2565615.0,10.38
2025-04-15 11:22:00,0.0,10.42,10.43,10.41,2892,3012762.0,10.38
2025-04-15 11:23:00,0.0,10.44,10.44,10.42,2044,2132245.0,10.381
2025-04-15 11:24:00,0.0,10.44,10.44,10.42,3190,3329194.0,10.381
2025-04-15 11:25:00,0.0,10.43,10.45,10.43,2336,2438933.0,10.381
2025-04-15 11:26:00,0.0,10.44,10.44,10.43,2493,2602145.0,10.382
2025-04-15 11:27:00,0.0,10.45,10.45,10.43,2250,2349331.0,10.382
2025-04-15 11:28:00,0.0,10.45,10.45,10.43,2894,3022833.0,10.382
2025-04-15 11:29:00,0.0,10.45,10.45,10.43,2362,2467514.0,10.383
2025-04-15 11:30:00,0.0,10.45,10.45,10.44,2007,2096549.0,10.383
2025-04-15 13:01:00,0.0,10.45,10.45,10.42,4919,5135264.0,10.384
2025-04-15 13:02:00,0.0,10.43,10.45,10.43,4418,4613942.0,10.384
2025-04-15 13:03:00,0.0,10.44,10.44,10.43,2179,2274054.0,10.384
2025-04-15 13:04:00,0.0,10.43,10.44,10.43,1747,1823356.0,10.385
2025-04-15 13:05:00,0.0,10.42,10.44,10.42,2466,2571290.0,10.385
2025-04-15 13:06:00,0.0,10.43,10.43,10.42,701,730958.0,10.385
2025-04-15 13:07:00,0.0,10.43,10.44,10.43,594,619775.0,10.385
2025-04-15 13:08:00,0.0,10.44,10.44,10.43,3556,3712044.0,10.385
2025-04-15 13:09:00,0.0,10.44,10.45,10.43,2628,2743877.0,10.386
2025-04-15 13:10:00,0.0,10.44,10.44,10.43,1728,1803829.0,10.386
2025-04-15 13:11:00,0.0,10.44,10.44,10.43,1417,1479264.0,10.386
2025-04-15 13:12:00,0.0,10.44,10.44,10.43,757,790322.0,10.386
2025-04-15 13:13:00,0.0,10.44,10.45,10.43,2233,2330990.0,10.386
2025-04-15 13:14:00,0.0,10.45,10.45,10.44,1032,1077564.0,10.386
2025-04-15 13:15:00,0.0,10.44,10.45,10.44,2527,2638458.0,10.387
2025-04-15 13:16:00,0.0,10.42,10.44,10.42,1251,1305005.0,10.387
2025-04-15 13:17:00,0.0,10.41,10.42,10.41,1061,1105433.0,10.387
2025-04-15 13:18:00,0.0,10.41,10.42,10.41,717,746848.0,10.387
2025-04-15 13:19:00,0.0,10.43,10.43,10.41,1744,1817533.0,10.387
2025-04-15 13:20:00,0.0,10.42,10.43,10.41,1614,1681868.0,10.387
2025-04-15 13:21:00,0.0,10.42,10.43,10.41,1270,1323112.0,10.387
2025-04-15 13:22:00,0.0,10.42,10.43,10.41,990,1031594.0,10.387
2025-04-15 13:23:00,0.0,10.41,10.42,10.41,943,982449.0,10.387
2025-04-15 13:24:00,0.0,10.42,10.42,10.41,1855,1931818.0,10.388
2025-04-15 13:25:00,0.0,10.42,10.42,10.41,914,951629.0,10.388
2025-04-15 13:26:00,0.0,10.42,10.42,10.41,1515,1578588.0,10.388
2025-04-15 13:27:00,0.0,10.42,10.43,10.42,184,191738.0,10.388
2025-04-15 13:28:00,0.0,10.42,10.44,10.42,3914,4083064.0,10.388
2025-04-15 13:29:00,0.0,10.43,10.43,10.42,1237,1289561.0,10.388
2025-04-15 13:30:00,0.0,10.42,10.43,10.42,1049,1093575.0,10.388
2025-04-15 13:31:00,0.0,10.42,10.43,10.42,302,314854.0,10.388
2025-04-15 13:32:00,0.0,10.42,10.43,10.42,1493,1557111.0,10.388
2025-04-15 13:33:00,0.0,10.43,10.43,10.42,845,881275.0,10.388
2025-04-15 13:34:00,0.0,10.42,10.43,10.42,1462,1524147.0,10.389
2025-04-15 13:35:00,0.0,10.42,10.43,10.42,459,478547.0,10.389
2025-04-15 13:36:00,0.0,10.42,10.43,10.42,346,360771.0,10.389
2025-04-15 13:37:00,0.0,10.42,10.43,10.42,738,769649.0,10.389
2025-04-15 13:38:00,0.0,10.41,10.43,10.41,4295,4476189.0,10.389
2025-04-15 13:39:00,0.0,10.41,10.41,10.4,900,936896.0,10.389
2025-04-15 13:40:00,0.0,10.41,10.42,10.4,502,522617.0,10.389
2025-04-15 13:41:00,0.0,10.4,10.42,10.4,1186,1234629.0,10.389
2025-04-15 13:42:00,0.0,10.41,10.41,10.4,344,357779.0,10.389
2025-04-15 13:43:00,0.0,10.4,10.41,10.4,267,277795.0,10.389
2025-04-15 13:44:00,0.0,10.41,10.42,10.4,1520,1582189.0,10.389
2025-04-15 13:45:00,0.0,10.41,10.42,10.41,920,957843.0,10.389
2025-04-15 13:46:00,0.0,10.41,10.42,10.4,1542,1605367.0,10.389
2025-04-15 13:47:00,0.0,10.41,10.42,10.41,225,234229.0,10.389
2025-04-15 13:48:00,0.0,10.4,10.41,10.4,1043,1085486.0,10.389
2025-04-15 13:49:00,0.0,10.41,10.41,10.4,830,863544.0,10.389
2025-04-15 13:50:00,0.0,10.41,10.41,10.4,682,709636.0,10.389
2025-04-15 13:51:00,0.0,10.41,10.41,10.4,3444,3584961.0,10.389
2025-04-15 13:52:00,0.0,10.41,10.42,10.41,425,442650.0,10.389
2025-04-15 13:53:00,0.0,10.41,10.42,10.41,794,826811.0,10.389
2025-04-15 13:54:00,0.0,10.41,10.42,10.41,282,293636.0,10.389
2025-04-15 13:55:00,0.0,10.41,10.42,10.41,245,255163.0,10.39
2025-04-15 13:56:00,0.0,10.41,10.42,10.41,369,384273.0,10.39
2025-04-15 13:57:00,0.0,10.4,10.42,10.4,2544,2648346.0,10.39
2025-04-15 13:58:00,0.0,10.41,10.41,10.4,600,624487.0,10.39
2025-04-15 13:59:00,0.0,10.41,10.42,10.4,1152,1199718.0,10.39
2025-04-15 14:00:00,0.0,10.41,10.42,10.41,528,549725.0,10.39
2025-04-15 14:01:00,0.0,10.42,10.42,10.41,830,864628.0,10.39
2025-04-15 14:02:00,0.0,10.41,10.42,10.41,350,364539.0,10.39
2025-04-15 14:03:00,0.0,10.41,10.42,10.4,1913,1991524.0,10.39
2025-04-15 14:04:00,0.0,10.42,10.42,10.4,882,918192.0,10.39
2025-04-15 14:05:00,0.0,10.41,10.42,10.41,299,311360.0,10.39
2025-04-15 14:06:00,0.0,10.41,10.42,10.41,508,529147.0,10.39
2025-04-15 14:07:00,0.0,10.42,10.42,10.41,1219,1269702.0,10.39
2025-04-15 14:08:00,0.0,10.42,10.42,10.41,335,348929.0,10.39
2025-04-15 14:09:00,0.0,10.42,10.42,10.41,1280,1333001.0,10.39
2025-04-15 14:10:00,0.0,10.41,10.42,10.41,1553,1618054.0,10.39
2025-04-15 14:11:00,0.0,10.41,10.42,10.41,1572,1636579.0,10.39
2025-04-15 14:12:00,0.0,10.41,10.42,10.4,1065,1108625.0,10.39
2025-04-15 14:13:00,0.0,10.4,10.41,10.4,733,762771.0,10.39
2025-04-15 14:14:00,0.0,10.41,10.41,10.4,646,672408.0,10.39
2025-04-15 14:15:00,0.0,10.41,10.41,10.4,2769,2879943.0,10.39
2025-04-15 14:16:00,0.0,10.41,10.41,10.4,897,933462.0,10.39
2025-04-15 14:17:00,0.0,10.41,10.41,10.4,948,986475.0,10.39
2025-04-15 14:18:00,0.0,10.4,10.4,10.39,1720,1788570.0,10.39
2025-04-15 14:19:00,0.0,10.41,10.41,10.4,1392,1447856.0,10.39
2025-04-15 14:20:00,0.0,10.41,10.41,10.4,983,1023250.0,10.39
2025-04-15 14:21:00,0.0,10.41,10.41,10.4,2025,2107162.0,10.391
2025-04-15 14:22:00,0.0,10.41,10.41,10.4,332,345100.0,10.391
2025-04-15 14:23:00,0.0,10.4,10.41,10.4,972,1011256.0,10.391
2025-04-15 14:24:00,0.0,10.41,10.41,10.4,2005,2086799.0,10.391
2025-04-15 14:25:00,0.0,10.41,10.41,10.4,1252,1303273.0,10.391
2025-04-15 14:26:00,0.0,10.41,10.41,10.4,1007,1048050.0,10.391
2025-04-15 14:27:00,0.0,10.4,10.41,10.4,878,913947.0,10.391
2025-04-15 14:28:00,0.0,10.41,10.41,10.4,882,918043.0,10.391
2025-04-15 14:29:00,0.0,10.41,10.41,10.4,930,967669.0,10.391
2025-04-15 14:30:00,0.0,10.41,10.41,10.4,3044,3166845.0,10.391
2025-04-15 14:31:00,0.0,10.41,10.41,10.4,5366,5580781.0,10.391
2025-04-15 14:32:00,0.0,10.41,10.41,10.4,413,429758.0,10.391
2025-04-15 14:33:00,0.0,10.4,10.41,10.4,529,550418.0,10.391
2025-04-15 14:34:00,0.0,10.4,10.41,10.4,1977,2057873.0,10.391
2025-04-15 14:35:00,0.0,10.4,10.41,10.4,1566,1630081.0,10.391
2025-04-15 14:36:00,0.0,10.41,10.42,10.41,2535,2638967.0,10.391
2025-04-15 14:37:00,0.0,10.41,10.41,10.4,1339,1393659.0,10.391
2025-04-15 14:38:00,0.0,10.43,10.43,10.41,4587,4780271.0,10.391
2025-04-15 14:39:00,0.0,10.43,10.43,10.42,1697,1769526.0,10.392
2025-04-15 14:40:00,0.0,10.43,10.43,10.42,1271,1325387.0,10.392
2025-04-15 14:41:00,0.0,10.43,10.43,10.42,2908,3032953.0,10.392
2025-04-15 14:42:00,0.0,10.43,10.43,10.42,1086,1132618.0,10.392
2025-04-15 14:43:00,0.0,10.44,10.44,10.42,3704,3863841.0,10.392
2025-04-15 14:44:00,0.0,10.42,10.44,10.42,3302,3444242.0,10.392
2025-04-15 14:45:00,0.0,10.44,10.44,10.42,3612,3767230.0,10.393
2025-04-15 14:46:00,0.0,10.43,10.44,10.42,4236,4418741.0,10.393
2025-04-15 14:47:00,0.0,10.43,10.44,10.43,2807,2929578.0,10.393
2025-04-15 14:48:00,0.0,10.44,10.45,10.43,4939,5153371.0,10.393
2025-04-15 14:49:00,0.0,10.45,10.45,10.43,4902,5120926.0,10.394
2025-04-15 14:50:00,0.0,10.45,10.45,10.43,3784,3952315.0,10.394
2025-04-15 14:51:00,0.0,10.45,10.45,10.44,2812,2937977.0,10.394
2025-04-15 14:52:00,0.0,10.46,10.46,10.44,9079,9488156.0,10.395
2025-04-15 14:53:00,0.0,10.46,10.46,10.44,4295,4488113.0,10.395
2025-04-15 14:54:00,0.0,10.46,10.47,10.45,10867,11367665.0,10.397
2025-04-15 14:55:00,0.0,10.47,10.48,10.46,5064,5301218.0,10.397
2025-04-15 14:56:00,0.0,10.47,10.48,10.46,5850,6124026.0,10.398
2025-04-15 14:57:00,0.0,10.46,10.47,10.44,3801,3976002.0,10.398
2025-04-15 14:58:00,0.0,10.46,10.46,10.46,0,0.0,10.398
2025-04-15 14:59:00,0.0,10.46,10.46,10.46,0,0.0,10.398
2025-04-15 15:00:00,0.0,10.47,10.47,10.47,19004,19897188.0,10.4
2025-04-16 09:30:00,0.0,10.45,10.45,10.45,3014,3149630.0,10.45
2025-04-16 09:31:00,0.0,10.43,10.44,10.4,9194,9582585.0,10.429
2025-04-16 09:32:00,0.0,10.4,10.42,10.38,9508,9897811.0,10.421
2025-04-16 09:33:00,0.0,10.39,10.4,10.35,7386,7660042.0,10.408
2025-04-16 09:34:00,0.0,10.37,10.38,10.36,4897,5078592.0,10.403
2025-04-16 09:35:00,0.0,10.38,10.39,10.35,4121,4270577.0,10.399
2025-04-16 09:36:00,0.0,10.4,10.4,10.39,5219,5427307.0,10.399
2025-04-16 09:37:00,0.0,10.4,10.41,10.4,2291,2382667.0,10.399
2025-04-16 09:38:00,0.0,10.4,10.4,10.38,2822,2932474.0,10.398
2025-04-16 09:39:00,0.0,10.4,10.41,10.38,4532,4709588.0,10.398
2025-04-16 09:40:00,0.0,10.4,10.4,10.39,3007,3125526.0,10.398
2025-04-16 09:41:00,0.0,10.39,10.4,10.39,2100,2182839.0,10.397
2025-04-16 09:42:00,0.0,10.4,10.41,10.39,1211,1259378.0,10.397
2025-04-16 09:43:00,0.0,10.4,10.42,10.39,3819,3973275.0,10.398
2025-04-16 09:44:00,0.0,10.4,10.41,10.39,1006,1046055.0,10.398
2025-04-16 09:45:00,0.0,10.4,10.41,10.39,1772,1843308.0,10.398
2025-04-16 09:46:00,0.0,10.41,10.41,10.39,2247,2336774.0,10.398
2025-04-16 09:47:00,0.0,10.39,10.4,10.39,5102,5302344.0,10.398
2025-04-16 09:48:00,0.0,10.39,10.4,10.39,388,403238.0,10.398
2025-04-16 09:49:00,0.0,10.4,10.41,10.38,4715,4902781.0,10.398
2025-04-16 09:50:00,0.0,10.38,10.39,10.38,3399,3529778.0,10.397
2025-04-16 09:51:00,0.0,10.37,10.39,10.37,1527,1584776.0,10.397
2025-04-16 09:52:00,0.0,10.38,10.38,10.37,457,474033.0,10.397
2025-04-16 09:53:00,0.0,10.38,10.38,10.37,1650,1711227.0,10.396
2025-04-16 09:54:00,0.0,10.4,10.4,10.37,3924,4074869.0,10.396
2025-04-16 09:55:00,0.0,10.39,10.4,10.39,1167,1213108.0,10.396
2025-04-16 09:56:00,0.0,10.39,10.4,10.39,587,610003.0,10.396
2025-04-16 09:57:00,0.0,10.39,10.4,10.39,1756,1825010.0,10.396
2025-04-16 09:58:00,0.0,10.41,10.41,10.39,1306,1357913.0,10.396
2025-04-16 09:59:00,0.0,10.4,10.41,10.39,1170,1217035.0,10.396
2025-04-16 10:00:00,0.0,10.42,10.42,10.4,1982,2063117.0,10.396
2025-04-16 10:01:00,0.0,10.42,10.42,10.41,1292,1345379.0,10.396
2025-04-16 10:02:00,0.0,10.41,10.42,10.41,867,902772.0,10.396
2025-04-16 10:03:00,0.0,10.41,10.42,10.4,2351,2446163.0,10.396
2025-04-16 10:04:00,0.0,10.41,10.41,10.4,869,904495.0,10.397
2025-04-16 10:05:00,0.0,10.41,10.42,10.4,1995,2076993.0,10.397
2025-04-16 10:06:00,0.0,10.4,10.42,10.39,2131,2216676.0,10.397
2025-04-16 10:07:00,0.0,10.37,10.4,10.36,3242,3365665.0,10.396
2025-04-16 10:08:00,0.0,10.39,10.39,10.37,1388,1440943.0,10.396
2025-04-16 10:09:00,0.0,10.38,10.39,10.38,616,639504.0,10.396
2025-04-16 10:10:00,0.0,10.38,10.38,10.37,570,591557.0,10.396
2025-04-16 10:11:00,0.0,10.37,10.38,10.37,704,730578.0,10.396
2025-04-16 10:12:00,0.0,10.38,10.39,10.37,1589,1649176.0,10.396
2025-04-16 10:13:00,0.0,10.38,10.38,10.38,553,574038.0,10.396
2025-04-16 10:14:00,0.0,10.39,10.4,10.38,2797,2905030.0,10.395
2025-04-16 10:15:00,0.0,10.41,10.41,10.39,2126,2211377.0,10.396
2025-04-16 10:16:00,0.0,10.41,10.41,10.4,1279,1330995.0,10.396
2025-04-16 10:17:00,0.0,10.43,10.43,10.41,1726,1798883.0,10.396
2025-04-16 10:18:00,0.0,10.42,10.43,10.42,921,959991.0,10.396
2025-04-16 10:19:00,0.0,10.42,10.42,10.41,2008,2091481.0,10.397
2025-04-16 10:20:00,0.0,10.41,10.42,10.41,647,673616.0,10.397
2025-04-16 10:21:00,0.0,10.41,10.42,10.4,2775,2888825.0,10.397
2025-04-16 10:22:00,0.0,10.43,10.44,10.41,4347,4531770.0,10.398
2025-04-16 10:23:00,0.0,10.43,10.44,10.42,1049,1094167.0,10.398
2025-04-16 10:24:00,0.0,10.43,10.44,10.43,1872,1953597.0,10.399
2025-04-16 10:25:00,0.0,10.44,10.45,10.42,2775,2895059.0,10.399
2025-04-16 10:26:00,0.0,10.45,10.46,10.44,4508,4711351.0,10.401
2025-04-16 10:27:00,0.0,10.43,10.45,10.43,2106,2198952.0,10.402
2025-04-16 10:28:00,0.0,10.44,10.45,10.43,1010,1054473.0,10.402
2025-04-16 10:29:00,0.0,10.44,10.45,10.44,2885,3012564.0,10.403
2025-04-16 10:30:00,0.0,10.43,10.44,10.43,2132,2225772.0,10.403
2025-04-16 10:31:00,0.0,10.44,10.45,10.43,4247,4437246.0,10.404
2025-04-16 10:32:00,0.0,10.45,10.45,10.44,1187,1240044.0,10.405
2025-04-16 10:33:00,0.0,10.45,10.47,10.45,3738,3911019.0,10.406
2025-04-16 10:34:00,0.0,10.45,10.47,10.45,1752,1832619.0,10.406
2025-04-16 10:35:00,0.0,10.47,10.47,10.45,845,884315.0,10.407
2025-04-16 10:36:00,0.0,10.47,10.47,10.46,3018,3159279.0,10.408
2025-04-16 10:37:00,0.0,10.46,10.48,10.46,1111,1162933.0,10.408
2025-04-16 10:38:00,0.0,10.47,10.47,10.46,1576,1649477.0,10.409
2025-04-16 10:39:00,0.0,10.46,10.47,10.46,914,956515.0,10.409
2025-04-16 10:40:00,0.0,10.46,10.47,10.46,751,785941.0,10.409
2025-04-16 10:41:00,0.0,10.46,10.47,10.46,1172,1226544.0,10.41
2025-04-16 10:42:00,0.0,10.46,10.47,10.46,770,805736.0,10.41
2025-04-16 10:43:00,0.0,10.46,10.47,10.46,1098,1149140.0,10.41
2025-04-16 10:44:00,0.0,10.46,10.47,10.46,2028,2122758.0,10.411
2025-04-16 10:45:00,0.0,10.47,10.47,10.45,2344,2451976.0,10.412
2025-04-16 10:46:00,0.0,10.47,10.48,10.46,4447,4656062.0,10.413
2025-04-16 10:47:00,0.0,10.47,10.48,10.46,2053,2149440.0,10.414
2025-04-16 10:48:00,0.0,10.45,10.46,10.45,1876,1961612.0,10.414
2025-04-16 10:49:00,0.0,10.45,10.46,10.45,1201,1255342.0,10.414
2025-04-16 10:50:00,0.0,10.45,10.46,10.45,1053,1100763.0,10.415
2025-04-16 10:51:00,0.0,10.46,10.47,10.45,3944,4125799.0,10.416
2025-04-16 10:52:00,0.0,10.45,10.46,10.45,2500,2614508.0,10.416
2025-04-16 10:53:00,0.0,10.45,10.47,10.45,4901,5126728.0,10.417
2025-04-16 10:54:00,0.0,10.45,10.47,10.45,1930,2018526.0,10.418
2025-04-16 10:55:00,0.0,10.47,10.48,10.46,5189,5431436.0,10.419
2025-04-16 10:56:00,0.0,10.47,10.49,10.47,5204,5453347.0,10.42
2025-04-16 10:57:00,0.0,10.48,10.48,10.47,876,917659.0,10.42
2025-04-16 10:58:00,0.0,10.49,10.49,10.47,2757,2889522.0,10.421
2025-04-16 10:59:00,0.0,10.48,10.5,10.48,5803,6086628.0,10.423
2025-04-16 11:00:00,0.0,10.49,10.49,10.47,3366,3527566.0,10.424
2025-04-16 11:01:00,0.0,10.48,10.49,10.48,1413,1481489.0,10.424
2025-04-16 11:02:00,0.0,10.47,10.5,10.47,11086,11624382.0,10.427
2025-04-16 11:03:00,0.0,10.47,10.48,10.47,4021,4212503.0,10.428
2025-04-16 11:04:00,0.0,10.49,10.49,10.46,6152,6442743.0,10.429
2025-04-16 11:05:00,0.0,10.48,10.49,10.48,1815,1902361.0,10.429
2025-04-16 11:06:00,0.0,10.48,10.49,10.48,1030,1079702.0,10.43
2025-04-16 11:07:00,0.0,10.48,10.49,10.48,5643,5917665.0,10.431
2025-04-16 11:08:00,0.0,10.48,10.49,10.47,2380,2494153.0,10.431
2025-04-16 11:09:00,0.0,10.48,10.49,10.47,2023,2120717.0,10.432
2025-04-16 11:10:00,0.0,10.5,10.5,10.48,5901,6189879.0,10.433
2025-04-16 11:11:00,0.0,10.49,10.5,10.49,1473,1546000.0,10.433
2025-04-16 11:12:00,0.0,10.5,10.5,10.49,1478,1551123.0,10.434
2025-04-16 11:13:00,0.0,10.5,10.5,10.49,1707,1791313.0,10.434
2025-04-16 11:14:00,0.0,10.49,10.5,10.49,2186,2293912.0,10.435
2025-04-16 11:15:00,0.0,10.49,10.5,10.49,1515,1589792.0,10.435
2025-04-16 11:16:00,0.0,10.49,10.5,10.49,1583,1661356.0,10.435
2025-04-16 11:17:00,0.0,10.48,10.5,10.47,3649,3825299.0,10.436
2025-04-16 11:18:00,0.0,10.48,10.48,10.46,4064,4255055.0,10.436
2025-04-16 11:19:00,0.0,10.47,10.48,10.47,1400,1466495.0,10.437
2025-04-16 11:20:00,0.0,10.47,10.48,10.47,1472,1542272.0,10.437
2025-04-16 11:21:00,0.0,10.47,10.48,10.47,2177,2280304.0,10.437
2025-04-16 11:22:00,0.0,10.49,10.49,10.47,2153,2255397.0,10.437
2025-04-16 11:23:00,0.0,10.49,10.49,10.47,1515,1588473.0,10.438
2025-04-16 11:24:00,0.0,10.48,10.5,10.48,4756,4990178.0,10.438
2025-04-16 11:25:00,0.0,10.49,10.5,10.48,5707,5991001.0,10.44
2025-04-16 11:26:00,0.0,10.5,10.5,10.49,2194,2302772.0,10.44
2025-04-16 11:27:00,0.0,10.5,10.5,10.48,4970,5214222.0,10.441
2025-04-16 11:28:00,0.0,10.49,10.51,10.49,6741,7073618.0,10.442
2025-04-16 11:29:00,0.0,10.48,10.5,10.48,1749,1834445.0,10.442
2025-04-16 11:30:00,0.0,10.49,10.49,10.48,1059,1110373.0,10.442
2025-04-16 13:01:00,0.0,10.48,10.48,10.45,5444,5698170.0,10.443
2025-04-16 13:02:00,0.0,10.47,10.49,10.46,6566,6877814.0,10.443
2025-04-16 13:03:00,0.0,10.47,10.48,10.47,2152,2253712.0,10.443
2025-04-16 13:04:00,0.0,10.46,10.48,10.46,3130,3277023.0,10.444
2025-04-16 13:05:00,0.0,10.46,10.47,10.46,1135,1187602.0,10.444
2025-04-16 13:06:00,0.0,10.46,10.47,10.46,1314,1375302.0,10.444
2025-04-16 13:07:00,0.0,10.47,10.48,10.47,2899,3036616.0,10.444
2025-04-16 13:08:00,0.0,10.47,10.48,10.47,2841,2976513.0,10.444
2025-04-16 13:09:00,0.0,10.48,10.49,10.47,1775,1859844.0,10.445
2025-04-16 13:10:00,0.0,10.47,10.48,10.47,1817,1903249.0,10.445
2025-04-16 13:11:00,0.0,10.47,10.48,10.47,1535,1607771.0,10.445
2025-04-16 13:12:00,0.0,10.48,10.48,10.47,1548,1621592.0,10.445
2025-04-16 13:13:00,0.0,10.49,10.49,10.47,1371,1437503.0,10.445
2025-04-16 13:14:00,0.0,10.49,10.5,10.48,2815,2953565.0,10.446
2025-04-16 13:15:00,0.0,10.49,10.5,10.49,2201,2309886.0,10.446
2025-04-16 13:16:00,0.0,10.49,10.5,10.49,1288,1351495.0,10.446
2025-04-16 13:17:00,0.0,10.5,10.51,10.49,5018,5268293.0,10.447
2025-04-16 13:18:00,0.0,10.5,10.51,10.5,1321,1387827.0,10.447
2025-04-16 13:19:00,0.0,10.5,10.51,10.5,1462,1535812.0,10.447
2025-04-16 13:20:00,0.0,10.5,10.51,10.5,3287,3451212.0,10.448
2025-04-16 13:21:00,0.0,10.49,10.5,10.49,2410,2529212.0,10.448
2025-04-16 13:22:00,0.0,10.49,10.5,10.49,1184,1242590.0,10.448
2025-04-16 13:23:00,0.0,10.48,10.5,10.48,2477,2597814.0,10.448
2025-04-16 13:24:00,0.0,10.48,10.49,10.48,1530,1604316.0,10.449
2025-04-16 13:25:00,0.0,10.48,10.49,10.48,1891,1982621.0,10.449
2025-04-16 13:26:00,0.0,10.47,10.49,10.47,1882,1972215.0,10.449
2025-04-16 13:27:00,0.0,10.47,10.48,10.47,2605,2727948.0,10.449
2025-04-16 13:28:00,0.0,10.45,10.47,10.45,1104,1155345.0,10.449
2025-04-16 13:29:00,0.0,10.45,10.46,10.45,683,713797.0,10.449
2025-04-16 13:30:00,0.0,10.46,10.46,10.44,1028,1074243.0,10.449
2025-04-16 13:31:00,0.0,10.45,10.46,10.44,1247,1303108.0,10.449
2025-04-16 13:32:00,0.0,10.44,10.45,10.44,1021,1066211.0,10.449
2025-04-16 13:33:00,0.0,10.45,10.46,10.44,2497,2608821.0,10.449
2025-04-16 13:34:00,0.0,10.46,10.46,10.45,1607,1679905.0,10.449
2025-04-16 13:35:00,0.0,10.46,10.47,10.45,1946,2036021.0,10.449
2025-04-16 13:36:00,0.0,10.47,10.48,10.47,1754,1837319.0,10.449
2025-04-16 13:37:00,0.0,10.48,10.49,10.47,2393,2507929.0,10.449
2025-04-16 13:38:00,0.0,10.49,10.49,10.48,1673,1754185.0,10.45
2025-04-16 13:39:00,0.0,10.49,10.49,10.48,2859,2998737.0,10.45
2025-04-16 13:40:00,0.0,10.5,10.5,10.49,1572,1649930.0,10.45
2025-04-16 13:41:00,0.0,10.5,10.5,10.49,2094,2198141.0,10.45
2025-04-16 13:42:00,0.0,10.49,10.5,10.49,1992,2091333.0,10.45
2025-04-16 13:43:00,0.0,10.5,10.5,10.49,3314,3479035.0,10.451
2025-04-16 13:44:00,0.0,10.5,10.51,10.5,1522,1598894.0,10.451
2025-04-16 13:45:00,0.0,10.5,10.51,10.49,4012,4213148.0,10.452
2025-04-16 13:46:00,0.0,10.51,10.51,10.5,1978,2078654.0,10.452
2025-04-16 13:47:00,0.0,10.51,10.51,10.5,1987,2088055.0,10.452
2025-04-16 13:48:00,0.0,10.52,10.52,10.51,2913,3062558.0,10.452
2025-04-16 13:49:00,0.0,10.51,10.52,10.51,2614,2749110.0,10.453
2025-04-16 13:50:00,0.0,10.52,10.52,10.51,2643,2779378.0,10.453
2025-04-16 13:51:00,0.0,10.52,10.53,10.51,4505,4739203.0,10.454
2025-04-16 13:52:00,0.0,10.53,10.53,10.52,1907,2007855.0,10.454
2025-04-16 13:53:00,0.0,10.52,10.53,10.52,3552,3738789.0,10.455
2025-04-16 13:54:00,0.0,10.53,10.53,10.52,2861,3011982.0,10.455
2025-04-16 13:55:00,0.0,10.53,10.53,10.52,2577,2713288.0,10.456
2025-04-16 13:56:00,0.0,10.52,10.53,10.52,2019,2125670.0,10.456
2025-04-16 13:57:00,0.0,10.53,10.53,10.52,2358,2482815.0,10.456
2025-04-16 13:58:00,0.0,10.52,10.53,10.52,3850,4051696.0,10.457
2025-04-16 13:59:00,0.0,10.52,10.53,10.52,2122,2234247.0,10.457
2025-04-16 14:00:00,0.0,10.52,10.53,10.52,2361,2484884.0,10.458
2025-04-16 14:01:00,0.0,10.51,10.53,10.51,3756,3949738.0,10.458
2025-04-16 14:02:00,0.0,10.52,10.52,10.5,3801,3996860.0,10.459
2025-04-16 14:03:00,0.0,10.51,10.52,10.51,1439,1512725.0,10.459
2025-04-16 14:04:00,0.0,10.5,10.51,10.5,398,418141.0,10.459
2025-04-16 14:05:00,0.0,10.5,10.51,10.5,1058,1111540.0,10.459
2025-04-16 14:06:00,0.0,10.5,10.51,10.49,2838,2979974.0,10.459
2025-04-16 14:07:00,0.0,10.5,10.51,10.5,934,980815.0,10.459
2025-04-16 14:08:00,0.0,10.51,10.51,10.5,868,911501.0,10.459
2025-04-16 14:09:00,0.0,10.52,10.52,10.5,3211,3374822.0,10.46
2025-04-16 14:10:00,0.0,10.51,10.52,10.51,964,1013884.0,10.46
2025-04-16 14:11:00,0.0,10.51,10.52,10.51,981,1031445.0,10.46
2025-04-16 14:12:00,0.0,10.51,10.52,10.51,1958,2058743.0,10.46
2025-04-16 14:13:00,0.0,10.51,10.52,10.51,2372,2493971.0,10.46
2025-04-16 14:14:00,0.0,10.51,10.52,10.51,1764,1854086.0,10.461
2025-04-16 14:15:00,0.0,10.51,10.52,10.51,1081,1135829.0,10.461
2025-04-16 14:16:00,0.0,10.52,10.53,10.51,4638,4879834.0,10.461
2025-04-16 14:17:00,0.0,10.52,10.53,10.52,1360,1431455.0,10.461
2025-04-16 14:18:00,0.0,10.53,10.53,10.52,1323,1392629.0,10.462
2025-04-16 14:19:00,0.0,10.52,10.53,10.52,1824,1919886.0,10.462
2025-04-16 14:20:00,0.0,10.52,10.53,10.52,3099,3260409.0,10.462
2025-04-16 14:21:00,0.0,10.51,10.53,10.51,2189,2302496.0,10.462
2025-04-16 14:22:00,0.0,10.52,10.52,10.51,762,801221.0,10.463
2025-04-16 14:23:00,0.0,10.51,10.52,10.51,1999,2102124.0,10.463
2025-04-16 14:24:00,0.0,10.52,10.52,10.51,987,1037635.0,10.463
2025-04-16 14:25:00,0.0,10.52,10.52,10.51,5678,5967933.0,10.463
2025-04-16 14:26:00,0.0,10.51,10.51,10.51,1150,1208849.0,10.464
2025-04-16 14:27:00,0.0,10.51,10.52,10.51,2001,2103360.0,10.464
2025-04-16 14:28:00,0.0,10.5,10.52,10.5,4487,4715925.0,10.464
2025-04-16 14:29:00,0.0,10.5,10.51,10.5,1066,1120080.0,10.464
2025-04-16 14:30:00,0.0,10.5,10.51,10.5,1712,1798400.0,10.464
2025-04-16 14:31:00,0.0,10.5,10.51,10.5,2009,2109878.0,10.464
2025-04-16 14:32:00,0.0,10.5,10.51,10.5,1913,2009665.0,10.465
2025-04-16 14:33:00,0.0,10.5,10.51,10.5,1671,1754664.0,10.465
2025-04-16 14:34:00,0.0,10.53,10.53,10.5,7199,7572352.0,10.465
2025-04-16 14:35:00,0.0,10.52,10.53,10.51,4590,4829247.0,10.466
2025-04-16 14:36:00,0.0,10.51,10.52,10.51,4019,4226410.0,10.466
2025-04-16 14:37:00,0.0,10.51,10.51,10.5,1740,1828239.0,10.466
2025-04-16 14:38:00,0.0,10.52,10.52,10.5,3136,3296924.0,10.467
2025-04-16 14:39:00,0.0,10.52,10.53,10.52,3741,3936678.0,10.467
2025-04-16 14:40:00,0.0,10.51,10.52,10.51,3246,3414583.0,10.467
2025-04-16 14:41:00,0.0,10.52,10.52,10.51,2481,2608855.0,10.468
2025-04-16 14:42:00,0.0,10.54,10.54,10.51,8556,9008889.0,10.469
2025-04-16 14:43:00,0.0,10.54,10.54,10.52,6955,7324193.0,10.469
2025-04-16 14:44:00,0.0,10.53,10.54,10.52,4236,4461555.0,10.47
2025-04-16 14:45:00,0.0,10.54,10.54,10.52,5758,6066503.0,10.47
2025-04-16 14:46:00,0.0,10.54,10.54,10.53,8210,8652153.0,10.471
2025-04-16 14:47:00,0.0,10.54,10.55,10.53,7532,7939729.0,10.472
2025-04-16 14:48:00,0.0,10.55,10.55,10.53,8955,9443776.0,10.473
2025-04-16 14:49:00,0.0,10.56,10.56,10.54,9049,9548135.0,10.474
2025-04-16 14:50:00,0.0,10.57,10.57,10.53,9858,10405109.0,10.476
2025-04-16 14:51:00,0.0,10.57,10.58,10.55,12710,13428152.0,10.478
2025-04-16 14:52:00,0.0,10.57,10.58,10.56,13771,14555137.0,10.479
2025-04-16 14:53:00,0.0,10.58,10.58,10.55,13620,14401006.0,10.481
2025-04-16 14:54:00,0.0,10.56,10.59,10.56,13517,14306881.0,10.483
2025-04-16 14:55:00,0.0,10.56,10.59,10.56,12864,13610980.0,10.485
2025-04-16 14:56:00,0.0,10.59,10.6,10.58,11939,12642664.0,10.487
2025-04-16 14:57:00,0.0,10.57,10.59,10.54,13485,14247959.0,10.488
2025-04-16 14:58:00,0.0,10.57,10.57,10.57,0,0.0,10.488
2025-04-16 14:59:00,0.0,10.57,10.57,10.57,0,0.0,10.488
2025-04-16 15:00:00,0.0,10.6,10.6,10.6,21954,23271240.0,10.492
2025-04-17 09:30:00,0.0,10.6,10.6,10.6,1655,1754300.0,10.6
2025-04-17 09:31:00,0.0,10.5,10.61,10.5,13889,14673790.0,10.569
2025-04-17 09:32:00,0.0,10.54,10.54,10.49,10089,10614561.0,10.55
2025-04-17 09:33:00,0.0,10.52,10.54,10.51,6745,7102586.0,10.546
2025-04-17 09:34:00,0.0,10.54,10.55,10.52,3232,3406170.0,10.545
2025-04-17 09:35:00,0.0,10.57,10.57,10.54,2719,2869176.0,10.546
2025-04-17 09:36:00,0.0,10.54,10.58,10.54,7156,7555757.0,10.548
2025-04-17 09:37:00,0.0,10.54,10.55,10.53,7417,7821753.0,10.547
2025-04-17 09:38:00,0.0,10.56,10.57,10.55,3897,4114949.0,10.548
2025-04-17 09:39:00,0.0,10.55,10.57,10.55,1325,1399074.0,10.548
2025-04-17 09:40:00,0.0,10.54,10.56,10.54,2436,2571842.0,10.549
2025-04-17 09:41:00,0.0,10.55,10.55,10.53,7650,8057500.0,10.547
2025-04-17 09:42:00,0.0,10.53,10.55,10.53,4432,4667824.0,10.546
2025-04-17 09:43:00,0.0,10.52,10.54,10.52,5354,5639230.0,10.545
2025-04-17 09:44:00,0.0,10.54,10.54,10.51,5313,5591533.0,10.544
2025-04-17 09:45:00,0.0,10.52,10.55,10.52,2699,2843371.0,10.544
2025-04-17 09:46:00,0.0,10.49,10.52,10.49,5853,6146546.0,10.541
2025-04-17 09:47:00,0.0,10.46,10.5,10.45,7799,8164129.0,10.535
2025-04-17 09:48:00,0.0,10.46,10.47,10.45,4421,4624180.0,10.532
2025-04-17 09:49:00,0.0,10.48,10.48,10.43,7256,7585434.0,10.527
2025-04-17 09:50:00,0.0,10.46,10.47,10.45,3894,4073750.0,10.525
2025-04-17 09:51:00,0.0,10.48,10.49,10.45,12714,13293368.0,10.518
2025-04-17 09:52:00,0.0,10.49,10.5,10.47,2117,2220317.0,10.517
2025-04-17 09:53:00,0.0,10.5,10.51,10.49,2666,2799648.0,10.517
2025-04-17 09:54:00,0.0,10.49,10.5,10.49,1356,1422671.0,10.517
2025-04-17 09:55:00,0.0,10.51,10.52,10.49,5415,5686830.0,10.516
2025-04-17 09:56:00,0.0,10.5,10.52,10.5,2108,2215928.0,10.516
2025-04-17 09:57:00,0.0,10.49,10.5,10.48,2875,3015893.0,10.516
2025-04-17 09:58:00,0.0,10.5,10.5,10.48,1718,1802659.0,10.515
2025-04-17 09:59:00,0.0,10.51,10.51,10.49,2345,2462116.0,10.515
2025-04-17 10:00:00,0.0,10.53,10.53,10.5,1831,1926111.0,10.515
2025-04-17 10:01:00,0.0,10.53,10.54,10.52,1593,1676420.0,10.515
2025-04-17 10:02:00,0.0,10.53,10.53,10.52,1966,2069480.0,10.515
2025-04-17 10:03:00,0.0,10.53,10.55,10.53,2242,2362770.0,10.516
2025-04-17 10:04:00,0.0,10.54,10.55,10.53,2320,2445435.0,10.516
2025-04-17 10:05:00,0.0,10.54,10.55,10.54,1339,1411851.0,10.516
2025-04-17 10:06:00,0.0,10.55,10.55,10.54,1369,1443656.0,10.517
2025-04-17 10:07:00,0.0,10.55,10.55,10.54,832,877295.0,10.517
2025-04-17 10:08:00,0.0,10.55,10.56,10.54,2374,2504849.0,10.517
2025-04-17 10:09:00,0.0,10.55,10.56,10.54,2239,2361159.0,10.518
2025-04-17 10:10:00,0.0,10.54,10.55,10.53,1294,1364374.0,10.518
2025-04-17 10:11:00,0.0,10.57,10.57,10.55,2964,3130425.0,10.519
2025-04-17 10:12:00,0.0,10.56,10.58,10.56,3731,3942886.0,10.52
2025-04-17 10:13:00,0.0,10.58,10.58,10.56,2828,2989240.0,10.52
2025-04-17 10:14:00,0.0,10.59,10.59,10.57,2601,2752851.0,10.521
2025-04-17 10:15:00,0.0,10.59,10.59,10.58,2198,2326762.0,10.522
2025-04-17 10:16:00,0.0,10.6,10.6,10.58,2046,2168183.0,10.523
2025-04-17 10:17:00,0.0,10.6,10.6,10.59,2946,3122260.0,10.524
2025-04-17 10:18:00,0.0,10.6,10.63,10.6,7888,8370427.0,10.528
2025-04-17 10:19:00,0.0,10.61,10.62,10.61,3278,3480493.0,10.529
2025-04-17 10:20:00,0.0,10.62,10.62,10.61,2437,2586237.0,10.53
2025-04-17 10:21:00,0.0,10.59,10.61,10.59,1892,2007112.0,10.531
2025-04-17 10:22:00,0.0,10.59,10.6,10.59,2270,2406387.0,10.532
2025-04-17 10:23:00,0.0,10.59,10.6,10.57,2263,2396107.0,10.532
2025-04-17 10:24:00,0.0,10.59,10.6,10.57,2134,2259631.0,10.533
2025-04-17 10:25:00,0.0,10.59,10.6,10.58,5055,5357361.0,10.534
2025-04-17 10:26:00,0.0,10.61,10.61,10.59,2521,2673176.0,10.535
2025-04-17 10:27:00,0.0,10.6,10.61,10.59,2443,2589719.0,10.536
2025-04-17 10:28:00,0.0,10.61,10.62,10.6,4526,4802285.0,10.537
2025-04-17 10:29:00,0.0,10.61,10.62,10.6,3176,3368779.0,10.538
2025-04-17 10:30:00,0.0,10.62,10.62,10.61,3666,3892977.0,10.54
2025-04-17 10:31:00,0.0,10.6,10.63,10.6,3810,4045074.0,10.541
2025-04-17 10:32:00,0.0,10.62,10.62,10.61,1895,2011846.0,10.542
2025-04-17 10:33:00,0.0,10.61,10.62,10.61,3040,3228843.0,10.543
2025-04-17 10:34:00,0.0,10.61,10.63,10.61,3043,3232065.0,10.544
2025-04-17 10:35:00,0.0,10.62,10.63,10.61,2508,2664040.0,10.544
2025-04-17 10:36:00,0.0,10.64,10.64,10.62,2889,3071360.0,10.545
2025-04-17 10:37:00,0.0,10.63,10.65,10.63,5407,5754701.0,10.547
2025-04-17 10:38:00,0.0,10.65,10.65,10.64,2965,3156393.0,10.549
2025-04-17 10:39:00,0.0,10.65,10.65,10.64,2679,2851833.0,10.55
2025-04-17 10:40:00,0.0,10.64,10.65,10.63,3268,3477183.0,10.551
2025-04-17 10:41:00,0.0,10.62,10.64,10.62,2462,2617783.0,10.551
2025-04-17 10:42:00,0.0,10.61,10.63,10.61,2204,2340129.0,10.552
2025-04-17 10:43:00,0.0,10.61,10.63,10.61,1602,1701255.0,10.552
2025-04-17 10:44:00,0.0,10.62,10.63,10.62,1218,1293982.0,10.553
2025-04-17 10:45:00,0.0,10.62,10.62,10.61,871,924772.0,10.553
2025-04-17 10:46:00,0.0,10.61,10.62,10.61,1068,1133672.0,10.553
2025-04-17 10:47:00,0.0,10.61,10.62,10.61,1621,1721222.0,10.554
2025-04-17 10:48:00,0.0,10.61,10.62,10.61,782,830236.0,10.554
2025-04-17 10:49:00,0.0,10.61,10.62,10.6,1045,1109348.0,10.554
2025-04-17 10:50:00,0.0,10.62,10.62,10.6,1138,1208127.0,10.554
2025-04-17 10:51:00,0.0,10.61,10.62,10.61,1159,1230467.0,10.554
2025-04-17 10:52:00,0.0,10.61,10.62,10.6,1249,1325489.0,10.555
2025-04-17 10:53:00,0.0,10.6,10.62,10.6,1141,1210980.0,10.555
2025-04-17 10:54:00,0.0,10.62,10.63,10.61,1546,1641879.0,10.555
2025-04-17 10:55:00,0.0,10.62,10.63,10.61,2308,2453363.0,10.556
2025-04-17 10:56:00,0.0,10.63,10.64,10.62,2741,2912623.0,10.557
2025-04-17 10:57:00,0.0,10.64,10.64,10.62,1227,1304937.0,10.557
2025-04-17 10:58:00,0.0,10.63,10.64,10.62,807,858005.0,10.557
2025-04-17 10:59:00,0.0,10.64,10.64,10.63,1402,1491022.0,10.558
2025-04-17 11:00:00,0.0,10.61,10.63,10.61,1129,1199875.0,10.558
2025-04-17 11:01:00,0.0,10.61,10.62,10.61,1869,1984390.0,10.558
2025-04-17 11:02:00,0.0,10.62,10.62,10.61,1521,1614957.0,10.559
2025-04-17 11:03:00,0.0,10.63,10.63,10.61,1358,1442036.0,10.559
2025-04-17 11:04:00,0.0,10.63,10.63,10.61,1713,1819699.0,10.559
2025-04-17 11:05:00,0.0,10.61,10.63,10.61,1912,2029859.0,10.56
2025-04-17 11:06:00,0.0,10.62,10.62,10.6,1934,2052622.0,10.56
2025-04-17 11:07:00,0.0,10.62,10.62,10.6,1840,1953234.0,10.56
2025-04-17 11:08:00,0.0,10.63,10.63,10.61,3831,4068290.0,10.561
2025-04-17 11:09:00,0.0,10.61,10.63,10.61,422,448157.0,10.561
2025-04-17 11:10:00,0.0,10.62,10.62,10.61,357,378860.0,10.561
2025-04-17 11:11:00,0.0,10.62,10.62,10.6,1984,2105111.0,10.561
2025-04-17 11:12:00,0.0,10.6,10.62,10.6,2391,2538627.0,10.562
2025-04-17 11:13:00,0.0,10.61,10.61,10.6,1135,1203741.0,10.562
2025-04-17 11:14:00,0.0,10.61,10.61,10.6,1034,1096859.0,10.562
2025-04-17 11:15:00,0.0,10.61,10.61,10.6,671,711696.0,10.562
2025-04-17 11:16:00,0.0,10.6,10.61,10.6,1593,1688869.0,10.562
2025-04-17 11:17:00,0.0,10.59,10.6,10.59,1013,1073452.0,10.563
2025-04-17 11:18:00,0.0,10.59,10.6,10.58,1369,1450116.0,10.563
2025-04-17 11:19:00,0.0,10.59,10.6,10.59,1285,1361608.0,10.563
2025-04-17 11:20:00,0.0,10.59,10.6,10.59,1100,1165893.0,10.563
2025-04-17 11:21:00,0.0,10.59,10.6,10.58,1312,1389965.0,10.563
2025-04-17 11:22:00,0.0,10.59,10.6,10.58,574,608189.0,10.563
2025-04-17 11:23:00,0.0,10.58,10.6,10.58,1120,1186629.0,10.563
2025-04-17 11:24:00,0.0,10.6,10.6,10.59,1162,1231284.0,10.563
2025-04-17 11:25:00,0.0,10.59,10.6,10.59,774,819953.0,10.563
2025-04-17 11:26:00,0.0,10.6,10.61,10.59,2399,2543996.0,10.564
2025-04-17 11:27:00,0.0,10.61,10.62,10.6,2609,2768233.0,10.564
2025-04-17 11:28:00,0.0,10.63,10.63,10.62,3559,3780757.0,10.565
2025-04-17 11:29:00,0.0,10.64,10.64,10.62,2232,2372538.0,10.565
2025-04-17 11:30:00,0.0,10.62,10.63,10.62,1239,1316968.0,10.565
2025-04-17 13:01:00,0.0,10.59,10.61,10.59,4814,5102967.0,10.566
2025-04-17 13:02:00,0.0,10.58,10.6,10.58,2169,2296225.0,10.566
2025-04-17 13:03:00,0.0,10.6,10.61,10.58,3770,3994730.0,10.566
2025-04-17 13:04:00,0.0,10.61,10.61,10.6,1894,2008539.0,10.567
2025-04-17 13:05:00,0.0,10.62,10.62,10.6,2650,2811534.0,10.567
2025-04-17 13:06:00,0.0,10.62,10.63,10.62,3051,3240818.0,10.567
2025-04-17 13:07:00,0.0,10.62,10.63,10.62,1585,1683657.0,10.568
2025-04-17 13:08:00,0.0,10.63,10.64,10.62,2430,2584006.0,10.568
2025-04-17 13:09:00,0.0,10.63,10.64,10.63,1017,1081458.0,10.568
2025-04-17 13:10:00,0.0,10.63,10.64,10.63,666,708299.0,10.568
2025-04-17 13:11:00,0.0,10.64,10.64,10.63,3172,3374871.0,10.569
2025-04-17 13:12:00,0.0,10.65,10.65,10.64,1879,2000586.0,10.569
2025-04-17 13:13:00,0.0,10.63,10.64,10.63,1811,1926051.0,10.57
2025-04-17 13:14:00,0.0,10.63,10.64,10.63,1065,1132642.0,10.57
2025-04-17 13:15:00,0.0,10.64,10.65,10.63,6799,7234447.0,10.571
2025-04-17 13:16:00,0.0,10.64,10.64,10.63,1553,1651460.0,10.571
2025-04-17 13:17:00,0.0,10.63,10.64,10.63,1237,1316054.0,10.572
2025-04-17 13:18:00,0.0,10.63,10.64,10.63,1084,1152323.0,10.572
2025-04-17 13:19:00,0.0,10.64,10.64,10.63,1300,1383175.0,10.572
2025-04-17 13:20:00,0.0,10.64,10.65,10.64,2140,2277970.0,10.572
2025-04-17 13:21:00,0.0,10.64,10.65,10.64,852,906554.0,10.573
2025-04-17 13:22:00,0.0,10.64,10.65,10.64,875,931562.0,10.573
2025-04-17 13:23:00,0.0,10.65,10.65,10.64,5305,5649336.0,10.574
2025-04-17 13:24:00,0.0,10.65,10.65,10.64,934,994554.0,10.574
2025-04-17 13:25:00,0.0,10.65,10.65,10.64,966,1028593.0,10.574
2025-04-17 13:26:00,0.0,10.65,10.66,10.64,3259,3470605.0,10.575
2025-04-17 13:27:00,0.0,10.66,10.67,10.66,6910,7368922.0,10.576
2025-04-17 13:28:00,0.0,10.67,10.67,10.66,1585,1690870.0,10.577
2025-04-17 13:29:00,0.0,10.68,10.68,10.66,3013,3215141.0,10.577
2025-04-17 13:30:00,0.0,10.68,10.68,10.67,5995,6401892.0,10.579
2025-04-17 13:31:00,0.0,10.67,10.68,10.67,641,684416.0,10.579
2025-04-17 13:32:00,0.0,10.67,10.68,10.66,3851,4110135.0,10.58
2025-04-17 13:33:00,0.0,10.66,10.68,10.66,1447,1544057.0,10.58
2025-04-17 13:34:00,0.0,10.67,10.68,10.67,675,720163.0,10.58
2025-04-17 13:35:00,0.0,10.67,10.68,10.67,2281,2434209.0,10.581
2025-04-17 13:36:00,0.0,10.67,10.68,10.67,560,597635.0,10.581
2025-04-17 13:37:00,0.0,10.68,10.68,10.67,4281,4571641.0,10.582
2025-04-17 13:38:00,0.0,10.67,10.68,10.67,479,511364.0,10.582
2025-04-17 13:39:00,0.0,10.67,10.68,10.67,1423,1519165.0,10.582
2025-04-17 13:40:00,0.0,10.68,10.68,10.67,990,1056617.0,10.583
2025-04-17 13:41:00,0.0,10.67,10.68,10.67,861,919218.0,10.583
2025-04-17 13:42:00,0.0,10.68,10.68,10.67,2665,2845966.0,10.583
2025-04-17 13:43:00,0.0,10.69,10.69,10.67,5401,5768600.0,10.584
2025-04-17 13:44:00,0.0,10.69,10.69,10.68,2556,2732257.0,10.585
2025-04-17 13:45:00,0.0,10.7,10.7,10.68,8670,9268484.0,10.587
2025-04-17 13:46:00,0.0,10.7,10.7,10.69,3137,3356280.0,10.588
2025-04-17 13:47:00,0.0,10.69,10.7,10.69,679,726255.0,10.588
2025-04-17 13:48:00,0.0,10.69,10.7,10.69,1982,2119501.0,10.588
2025-04-17 13:49:00,0.0,10.69,10.7,10.68,3582,3828808.0,10.589
2025-04-17 13:50:00,0.0,10.69,10.7,10.68,1019,1089273.0,10.59
2025-04-17 13:51:00,0.0,10.7,10.7,10.69,631,674647.0,10.59
2025-04-17 13:52:00,0.0,10.7,10.7,10.69,4459,4770983.0,10.591
2025-04-17 13:53:00,0.0,10.69,10.7,10.69,1155,1235084.0,10.591
2025-04-17 13:54:00,0.0,10.69,10.7,10.68,2313,2472892.0,10.591
2025-04-17 13:55:00,0.0,10.68,10.69,10.68,359,383523.0,10.592
2025-04-17 13:56:00,0.0,10.68,10.69,10.68,859,917754.0,10.592
2025-04-17 13:57:00,0.0,10.68,10.69,10.68,1223,1306639.0,10.592
2025-04-17 13:58:00,0.0,10.68,10.69,10.68,1127,1203907.0,10.592
2025-04-17 13:59:00,0.0,10.68,10.69,10.67,1095,1169256.0,10.592
2025-04-17 14:00:00,0.0,10.67,10.69,10.67,2450,2616229.0,10.593
2025-04-17 14:01:00,0.0,10.68,10.68,10.67,1539,1643523.0,10.593
2025-04-17 14:02:00,0.0,10.67,10.68,10.67,489,522084.0,10.593
2025-04-17 14:03:00,0.0,10.68,10.68,10.67,667,712245.0,10.593
2025-04-17 14:04:00,0.0,10.67,10.68,10.67,1964,2097387.0,10.594
2025-04-17 14:05:00,0.0,10.68,10.68,10.67,313,334251.0,10.594
2025-04-17 14:06:00,0.0,10.67,10.68,10.67,728,777350.0,10.594
2025-04-17 14:07:00,0.0,10.68,10.68,10.67,3061,3269000.0,10.594
2025-04-17 14:08:00,0.0,10.68,10.69,10.68,3170,3388684.0,10.595
2025-04-17 14:09:00,0.0,10.68,10.69,10.68,1107,1182903.0,10.595
2025-04-17 14:10:00,0.0,10.69,10.69,10.68,458,489470.0,10.595
2025-04-17 14:11:00,0.0,10.68,10.69,10.68,1916,2046788.0,10.596
2025-04-17 14:12:00,0.0,10.7,10.7,10.68,2503,2675233.0,10.596
2025-04-17 14:13:00,0.0,10.69,10.7,10.69,3215,3437357.0,10.597
2025-04-17 14:14:00,0.0,10.7,10.71,10.69,22488,24058851.0,10.601
2025-04-17 14:15:00,0.0,10.71,10.72,10.7,10227,10955022.0,10.603
2025-04-17 14:16:00,0.0,10.7,10.72,10.7,5265,5641445.0,10.604
2025-04-17 14:17:00,0.0,10.71,10.72,10.71,1188,1272546.0,10.605
2025-04-17 14:18:00,0.0,10.71,10.72,10.7,1999,2140493.0,10.605
2025-04-17 14:19:00,0.0,10.71,10.71,10.7,3115,3335841.0,10.606
2025-04-17 14:20:00,0.0,10.7,10.71,10.7,1889,2022238.0,10.606
2025-04-17 14:21:00,0.0,10.7,10.71,10.69,1222,1307533.0,10.606
2025-04-17 14:22:00,0.0,10.7,10.7,10.69,1018,1089130.0,10.606
2025-04-17 14:23:00,0.0,10.69,10.71,10.69,649,694511.0,10.606
2025-04-17 14:24:00,0.0,10.7,10.71,10.69,2426,2596130.0,10.607
2025-04-17 14:25:00,0.0,10.7,10.71,10.69,1113,1190858.0,10.607
2025-04-17 14:26:00,0.0,10.7,10.71,10.69,3986,4267986.0,10.608
2025-04-17 14:27:00,0.0,10.71,10.72,10.7,4492,4812036.0,10.609
2025-04-17 14:28:00,0.0,10.7,10.72,10.7,842,901892.0,10.609
2025-04-17 14:29:00,0.0,10.7,10.71,10.69,1212,1297165.0,10.609
2025-04-17 14:30:00,0.0,10.71,10.72,10.69,4360,4671238.0,10.61
2025-04-17 14:31:00,0.0,10.71,10.72,10.71,1351,1447346.0,10.61
2025-04-17 14:32:00,0.0,10.71,10.72,10.7,2271,2432356.0,10.61
2025-04-17 14:33:00,0.0,10.71,10.71,10.7,1834,1963158.0,10.611
2025-04-17 14:34:00,0.0,10.71,10.71,10.7,1301,1392346.0,10.611
2025-04-17 14:35:00,0.0,10.69,10.71,10.69,3299,3532384.0,10.611
2025-04-17 14:36:00,0.0,10.71,10.71,10.69,1765,1889355.0,10.612
2025-04-17 14:37:00,0.0,10.7,10.71,10.69,2439,2609854.0,10.612
2025-04-17 14:38:00,0.0,10.69,10.71,10.69,1666,1782565.0,10.612
2025-04-17 14:39:00,0.0,10.7,10.71,10.68,1140,1219405.0,10.612
2025-04-17 14:40:00,0.0,10.7,10.7,10.68,2120,2267220.0,10.613
2025-04-17 14:41:00,0.0,10.7,10.71,10.69,1804,1929721.0,10.613
2025-04-17 14:42:00,0.0,10.7,10.71,10.68,4262,4562819.0,10.614
2025-04-17 14:43:00,0.0,10.69,10.7,10.69,1630,1742369.0,10.614
2025-04-17 14:44:00,0.0,10.7,10.71,10.69,2382,2548685.0,10.614
2025-04-17 14:45:00,0.0,10.7,10.71,10.69,2702,2891570.0,10.615
2025-04-17 14:46:00,0.0,10.71,10.72,10.7,5277,5651418.0,10.615
2025-04-17 14:47:00,0.0,10.71,10.72,10.7,3955,4237389.0,10.616
2025-04-17 14:48:00,0.0,10.72,10.72,10.71,3643,3905045.0,10.617
2025-04-17 14:49:00,0.0,10.73,10.73,10.71,9353,10029391.0,10.618
2025-04-17 14:50:00,0.0,10.73,10.73,10.72,9723,10431641.0,10.62
2025-04-17 14:51:00,0.0,10.73,10.74,10.73,7546,8100938.0,10.621
2025-04-17 14:52:00,0.0,10.73,10.74,10.73,3616,3880730.0,10.622
2025-04-17 14:53:00,0.0,10.73,10.74,10.73,3195,3429739.0,10.623
2025-04-17 14:54:00,0.0,10.73,10.74,10.72,6053,6496015.0,10.624
2025-04-17 14:55:00,0.0,10.72,10.73,10.72,3773,4046959.0,10.624
2025-04-17 14:56:00,0.0,10.73,10.74,10.71,11060,11863890.0,10.626
2025-04-17 14:57:00,0.0,10.74,10.74,10.71,7186,7708860.0,10.627
2025-04-17 14:58:00,0.0,10.74,10.74,10.74,20,21480.0,10.627
2025-04-17 14:59:00,0.0,10.74,10.74,10.74,0,0.0,10.627
2025-04-17 15:00:00,0.0,10.75,10.75,10.75,32239,34656925.0,10.633
2025-04-18 09:30:00,10.7,10.7,10.7,10.7,1295,1385650.0,10.7
2025-04-18 09:31:00,10.7,10.69,10.74,10.66,9037,9668197.0,10.699
2025-04-18 09:32:00,10.69,10.72,10.74,10.69,4195,4489370.0,10.7
2025-04-18 09:33:00,10.72,10.75,10.8,10.72,9088,9776538.0,10.722
2025-04-18 09:34:00,10.76,10.74,10.76,10.74,2681,2882978.0,10.725
2025-04-18 09:35:00,10.74,10.76,10.77,10.74,5064,5449145.0,10.731
2025-04-18 09:36:00,10.77,10.78,10.79,10.77,9871,10648130.0,10.744
2025-04-18 09:37:00,10.78,10.79,10.79,10.78,6572,7088518.0,10.75
2025-04-18 09:38:00,10.78,10.78,10.79,10.78,3417,3686417.0,10.753
2025-04-18 09:39:00,10.78,10.77,10.8,10.76,5552,5990828.0,10.756
2025-04-18 09:40:00,10.76,10.74,10.76,10.73,3418,3673387.0,10.756
2025-04-18 09:41:00,10.74,10.75,10.76,10.74,2158,2318744.0,10.756
2025-04-18 09:42:00,10.76,10.75,10.76,10.74,1704,1831970.0,10.755
2025-04-18 09:43:00,10.74,10.75,10.75,10.73,1288,1383507.0,10.755
2025-04-18 09:44:00,10.75,10.75,10.75,10.74,566,608424.0,10.755
2025-04-18 09:45:00,10.75,10.76,10.76,10.74,756,812922.0,10.755
2025-04-18 09:46:00,10.76,10.74,10.76,10.74,944,1014828.0,10.755
2025-04-18 09:47:00,10.74,10.75,10.76,10.74,731,785338.0,10.755
2025-04-18 09:48:00,10.74,10.76,10.77,10.74,1603,1724332.0,10.755
2025-04-18 09:49:00,10.77,10.77,10.78,10.76,2007,2161872.0,10.755
2025-04-18 09:50:00,10.77,10.77,10.78,10.77,910,980533.0,10.756
2025-04-18 09:51:00,10.77,10.78,10.78,10.77,1465,1578823.0,10.756
2025-04-18 09:52:00,10.77,10.77,10.78,10.76,3328,3584548.0,10.757
2025-04-18 09:53:00,10.76,10.78,10.78,10.76,691,744279.0,10.757
2025-04-18 09:54:00,10.77,10.78,10.78,10.77,548,590906.0,10.757
2025-04-18 09:55:00,10.77,10.78,10.8,10.77,4273,4609838.0,10.759
2025-04-18 09:56:00,10.78,10.78,10.79,10.77,2281,2459197.0,10.759
2025-04-18 09:57:00,10.79,10.79,10.8,10.78,5367,5793493.0,10.761
2025-04-18 09:58:00,10.79,10.8,10.8,10.79,835,901740.0,10.762
2025-04-18 09:59:00,10.8,10.79,10.8,10.79,1792,1934915.0,10.762
2025-04-18 10:00:00,10.8,10.8,10.81,10.79,3132,3383843.0,10.764
2025-04-18 10:01:00,10.8,10.81,10.82,10.8,4412,4770160.0,10.766
2025-04-18 10:02:00,10.81,10.81,10.81,10.8,1548,1673221.0,10.766
2025-04-18 10:03:00,10.8,10.81,10.82,10.8,5273,5703431.0,10.769
2025-04-18 10:04:00,10.81,10.81,10.82,10.81,1771,1914505.0,10.769
2025-04-18 10:05:00,10.81,10.8,10.82,10.79,1471,1588541.0,10.77
2025-04-18 10:06:00,10.79,10.78,10.79,10.78,797,859703.0,10.77
2025-04-18 10:07:00,10.78,10.8,10.8,10.78,2073,2237642.0,10.77
2025-04-18 10:08:00,10.8,10.79,10.8,10.78,530,572476.0,10.771
2025-04-18 10:09:00,10.79,10.8,10.8,10.79,967,1044196.0,10.771
2025-04-18 10:10:00,10.79,10.81,10.81,10.79,979,1057298.0,10.771
2025-04-18 10:11:00,10.8,10.81,10.81,10.8,706,762644.0,10.771
2025-04-18 10:12:00,10.8,10.8,10.81,10.8,415,448262.0,10.771
2025-04-18 10:13:00,10.81,10.79,10.81,10.79,805,869192.0,10.772
2025-04-18 10:14:00,10.8,10.79,10.8,10.79,2532,2731851.0,10.772
2025-04-18 10:15:00,10.79,10.79,10.79,10.78,457,493046.0,10.772
2025-04-18 10:16:00,10.79,10.78,10.79,10.77,1909,2057884.0,10.772
2025-04-18 10:17:00,10.78,10.78,10.78,10.77,362,390099.0,10.772
2025-04-18 10:18:00,10.78,10.79,10.79,10.78,940,1013499.0,10.772
2025-04-18 10:19:00,10.78,10.77,10.79,10.77,751,809725.0,10.772
2025-04-18 10:20:00,10.77,10.77,10.78,10.77,164,176683.0,10.772
2025-04-18 10:21:00,10.77,10.78,10.78,10.77,1047,1128504.0,10.772
2025-04-18 10:22:00,10.77,10.77,10.78,10.76,1404,1512107.0,10.772
2025-04-18 10:23:00,10.77,10.78,10.78,10.77,202,217668.0,10.772
2025-04-18 10:24:00,10.77,10.77,10.78,10.77,277,297984.0,10.772
2025-04-18 10:25:00,10.77,10.78,10.78,10.77,116,124972.0,10.772
2025-04-18 10:26:00,10.77,10.77,10.78,10.77,730,786480.0,10.772
2025-04-18 10:27:00,10.77,10.77,10.78,10.77,461,496509.0,10.772
2025-04-18 10:28:00,10.77,10.77,10.78,10.77,311,335055.0,10.772
2025-04-18 10:29:00,10.77,10.76,10.78,10.76,980,1055600.0,10.772
2025-04-18 10:30:00,10.77,10.76,10.77,10.76,406,436995.0,10.772
2025-04-18 10:31:00,10.77,10.77,10.77,10.76,1203,1295400.0,10.772
2025-04-18 10:32:00,10.78,10.79,10.8,10.78,5087,5486625.0,10.773
2025-04-18 10:33:00,10.78,10.78,10.79,10.78,813,877057.0,10.773
2025-04-18 10:34:00,10.78,10.79,10.79,10.78,159,171534.0,10.773
2025-04-18 10:35:00,10.78,10.8,10.8,10.78,536,578356.0,10.773
2025-04-18 10:36:00,10.79,10.8,10.8,10.79,3552,3836111.0,10.774
2025-04-18 10:37:00,10.79,10.79,10.8,10.78,850,917182.0,10.774
2025-04-18 10:38:00,10.79,10.78,10.79,10.78,287,309426.0,10.774
2025-04-18 10:39:00,10.78,10.78,10.79,10.78,688,742192.0,10.774
2025-04-18 10:40:00,10.79,10.78,10.79,10.78,952,1027038.0,10.774
2025-04-18 10:41:00,10.79,10.8,10.8,10.78,1887,2034868.0,10.774
2025-04-18 10:42:00,10.8,10.79,10.8,10.78,7551,8147010.0,10.775
2025-04-18 10:43:00,10.79,10.79,10.79,10.78,284,306529.0,10.775
2025-04-18 10:44:00,10.78,10.79,10.79,10.77,2119,2284488.0,10.775
2025-04-18 10:45:00,10.79,10.79,10.8,10.78,615,663636.0,10.775
2025-04-18 10:46:00,10.79,10.79,10.8,10.79,284,306560.0,10.775
2025-04-18 10:47:00,10.8,10.8,10.8,10.8,1586,1712880.0,10.775
2025-04-18 10:48:00,10.8,10.79,10.8,10.79,1762,1902371.0,10.775
2025-04-18 10:49:00,10.8,10.81,10.81,10.79,3583,3869345.0,10.776
2025-04-18 10:50:00,10.81,10.8,10.81,10.8,1160,1253330.0,10.776
2025-04-18 10:51:00,10.8,10.8,10.81,10.8,991,1070475.0,10.776
2025-04-18 10:52:00,10.8,10.8,10.81,10.8,1361,1470907.0,10.776
2025-04-18 10:53:00,10.8,10.8,10.8,10.8,313,338201.0,10.777
2025-04-18 10:54:00,10.8,10.81,10.81,10.8,999,1079564.0,10.777
2025-04-18 10:55:00,10.8,10.8,10.81,10.8,2078,2246035.0,10.777
2025-04-18 10:56:00,10.81,10.8,10.81,10.8,260,280922.0,10.777
2025-04-18 10:57:00,10.81,10.82,10.82,10.8,2418,2614072.0,10.778
2025-04-18 10:58:00,10.81,10.81,10.82,10.81,309,334016.0,10.778
2025-04-18 10:59:00,10.82,10.8,10.82,10.8,1169,1263795.0,10.778
2025-04-18 11:00:00,10.81,10.81,10.81,10.8,581,628014.0,10.778
2025-04-18 11:01:00,10.81,10.82,10.82,10.8,6897,7462117.0,10.78
2025-04-18 11:02:00,10.82,10.83,10.84,10.82,8814,9548735.0,10.782
2025-04-18 11:03:00,10.84,10.85,10.86,10.83,10241,11111288.0,10.785
2025-04-18 11:04:00,10.86,10.85,10.87,10.85,5448,5915852.0,10.787
2025-04-18 11:05:00,10.85,10.85,10.86,10.85,2148,2331048.0,10.788
2025-04-18 11:06:00,10.85,10.85,10.86,10.85,691,750048.0,10.788
2025-04-18 11:07:00,10.85,10.85,10.86,10.84,1597,1732766.0,10.789
2025-04-18 11:08:00,10.84,10.82,10.84,10.82,8856,9591691.0,10.79
2025-04-18 11:09:00,10.82,10.82,10.84,10.82,1007,1090419.0,10.791
2025-04-18 11:10:00,10.83,10.84,10.85,10.83,2102,2278319.0,10.791
2025-04-18 11:11:00,10.84,10.84,10.84,10.8,6700,7250748.0,10.792
2025-04-18 11:12:00,10.83,10.84,10.85,10.83,2193,2377291.0,10.792
2025-04-18 11:13:00,10.84,10.83,10.84,10.83,3689,3998431.0,10.793
2025-04-18 11:14:00,10.84,10.84,10.85,10.83,3653,3959818.0,10.794
2025-04-18 11:15:00,10.83,10.83,10.85,10.83,1059,1147364.0,10.794
2025-04-18 11:16:00,10.83,10.82,10.83,10.82,205,221847.0,10.794
2025-04-18 11:17:00,10.81,10.81,10.82,10.81,511,552419.0,10.794
2025-04-18 11:18:00,10.81,10.8,10.81,10.8,264,285334.0,10.794
2025-04-18 11:19:00,10.8,10.81,10.81,10.8,143,154498.0,10.794
2025-04-18 11:20:00,10.81,10.8,10.81,10.8,176,190138.0,10.794
